source,target,origin
A2M,LRP1,stMLnet
AANAT,MTNR1A,stMLnet
AANAT,MTNR1B,stMLnet
ACE,BDKRB2,stMLnet
ADAM10,EPHA3,stMLnet
ADAM11,ITGA4,stMLnet
ADAM12,ITGA9,stMLnet
ADAM12,ITGB1,stMLnet
ADAM12,SDC4,stMLnet
ADAM15,ITGA5,stMLnet
ADAM15,ITGA9,stMLnet
ADAM15,ITGAV,stMLnet
ADAM15,ITGB1,stMLnet
ADAM15,ITGB3,stMLnet
ADAM17,ITGA5,stMLnet
ADAM17,ITGB1,stMLnet
ADAM17,NOTCH1,stMLnet
ADAM2,ITGA6,stMLnet
ADAM2,ITGA9,stMLnet
ADAM2,ITGB1,stMLnet
ADAM2,ITGB7,stMLnet
ADAM23,ITGA4,stMLnet
ADAM23,ITGA5,stMLnet
ADAM23,ITGB3,stMLnet
ADAM28,ITGA4,stMLnet
ADAM29,ITGA4,stMLnet
ADAM7,ITGA4,stMLnet
ADAM7,ITGB7,stMLnet
ADAM9,ITGA3,stMLnet
ADAM9,ITGA6,stMLnet
ADAM9,ITGAV,stMLnet
ADAM9,ITGB1,stMLnet
ADAM9,ITGB5,stMLnet
ADCYAP1,ADCYAP1R1,stMLnet
ADCYAP1,SCTR,stMLnet
ADCYAP1,VIPR1,stMLnet
ADCYAP1,VIPR2,stMLnet
ADGRB1,RTN4R,stMLnet
ADGRB1,RTN4RL1,stMLnet
ADGRB1,RTN4RL2,stMLnet
ADGRE5,CD55,stMLnet
ADIPOQ,ADIPOR1,stMLnet
ADIPOQ,ADIPOR2,stMLnet
ADM,CALCR,stMLnet
ADM,CALCRL,stMLnet
ADM,GPR182,stMLnet
ADM,RAMP2,stMLnet
ADM,RAMP3,stMLnet
ADM2,CALCR,stMLnet
ADM2,CALCRL,stMLnet
ADM2,RAMP1,stMLnet
ADM2,RAMP2,stMLnet
ADM2,RAMP3,stMLnet
AFDN,EPHA7,stMLnet
AFDN,EPHB2,stMLnet
AFDN,EPHB3,stMLnet
AFDN,EPHB6,stMLnet
AFDN,F11R,stMLnet
AFDN,NECTIN1,stMLnet
AFDN,NECTIN2,stMLnet
AFDN,NECTIN3,stMLnet
AFDN,NECTIN4,stMLnet
AGRN,ATP1A3,stMLnet
AGRN,DAG1,stMLnet
AGRN,LRP4,stMLnet
AGRN,MUSK,stMLnet
AGRP,MC3R,stMLnet
AGRP,MC4R,stMLnet
AGRP,MC5R,stMLnet
AGRP,SDC3,stMLnet
AGT,AGTR1,stMLnet
AGT,AGTR2,stMLnet
AGT,LRP2,stMLnet
AGT,MAS1,stMLnet
AHSG,INSR,stMLnet
ALB,LRP2,stMLnet
ALCAM,CD6,stMLnet
ALCAM,CHL1,stMLnet
ALCAM,L1CAM,stMLnet
ALCAM,NRP1,stMLnet
ALKAL1,ALK,stMLnet
ALKAL2,ALK,stMLnet
ALOX5AP,ALOX5,stMLnet
AMBN,CD63,stMLnet
AMELX,CD63,stMLnet
AMELX,LAMP1,stMLnet
AMELX,LAMP2,stMLnet
AMELY,CD63,stMLnet
AMELY,LAMP1,stMLnet
AMELY,LAMP2,stMLnet
AMH,ACVR1,stMLnet
AMH,AMHR2,stMLnet
AMH,BMPR1A,stMLnet
AMH,EGFR,stMLnet
ANG,PLXNB2,stMLnet
ANGPT1,ITGA5,stMLnet
ANGPT1,ITGB1,stMLnet
ANGPT1,TEK,stMLnet
ANGPT2,ITGA5,stMLnet
ANGPT2,ITGB1,stMLnet
ANGPT2,TEK,stMLnet
ANGPT4,TEK,stMLnet
ANGPTL1,ITGA1,stMLnet
ANGPTL1,ITGB1,stMLnet
ANGPTL1,LILRB3,stMLnet
ANGPTL1,TEK,stMLnet
ANGPTL2,ITGA5,stMLnet
ANGPTL2,ITGB1,stMLnet
ANGPTL2,LILRB2,stMLnet
ANGPTL2,LILRB3,stMLnet
ANGPTL2,TLR4,stMLnet
ANGPTL3,ITGA5,stMLnet
ANGPTL3,ITGAV,stMLnet
ANGPTL3,ITGB3,stMLnet
ANGPTL4,CDH11,stMLnet
ANGPTL4,CDH5,stMLnet
ANGPTL4,ITGA5,stMLnet
ANGPTL4,ITGAV,stMLnet
ANGPTL4,ITGB1,stMLnet
ANGPTL4,ITGB3,stMLnet
ANGPTL4,SDC1,stMLnet
ANGPTL4,SDC2,stMLnet
ANGPTL4,SDC3,stMLnet
ANGPTL4,SDC4,stMLnet
ANGPTL7,LILRB3,stMLnet
ANOS1,FGFR1,stMLnet
ANOS1,SDC2,stMLnet
ANPEP,SELE,stMLnet
ANXA1,DYSF,stMLnet
ANXA1,EGFR,stMLnet
ANXA1,FPR1,stMLnet
ANXA1,FPR2,stMLnet
ANXA1,FPR3,stMLnet
ANXA2,TLR2,stMLnet
APELA,APLNR,stMLnet
APLN,APLNR,stMLnet
APOB,CALCR,stMLnet
APOB,ENO1,stMLnet
APOB,ITGAM,stMLnet
APOB,ITGB2,stMLnet
APOB,LDLR,stMLnet
APOB,LRP2,stMLnet
APOB,LRP6,stMLnet
APOB,LRP8,stMLnet
APOB,LSR,stMLnet
APOB,OLR1,stMLnet
APOC3,SDC2,stMLnet
APOC3,TLR2,stMLnet
APOD,LEPR,stMLnet
APOE,CHRNA4,stMLnet
APOE,LDLR,stMLnet
APOE,LRP1,stMLnet
APOE,LRP2,stMLnet
APOE,LRP5,stMLnet
APOE,LRP8,stMLnet
APOE,SCARB1,stMLnet
APOE,SORL1,stMLnet
APOE,VLDLR,stMLnet
AREG,EGFR,stMLnet
AREG,ERBB2,stMLnet
AREG,ERBB3,stMLnet
AREGB,ERBB3,stMLnet
ARF1,CHRM3,stMLnet
ARF1,INSR,stMLnet
ARF1,PLD2,stMLnet
ARTN,GFRA1,stMLnet
ARTN,GFRA3,stMLnet
ARTN,RET,stMLnet
ASIP,F11R,stMLnet
ASIP,MC1R,stMLnet
ASIP,MC2R,stMLnet
ASIP,MC3R,stMLnet
ASIP,MC4R,stMLnet
ASIP,MC5R,stMLnet
ASIP,MGRN1,stMLnet
AVP,AVPR1A,stMLnet
AVP,AVPR1B,stMLnet
AVP,AVPR2,stMLnet
AVP,OXTR,stMLnet
AZGP1,ITGAV,stMLnet
B2M,CD1A,stMLnet
B2M,CD1B,stMLnet
B2M,CD247,stMLnet
B2M,CD3D,stMLnet
B2M,CD3G,stMLnet
B2M,HLA-F,stMLnet
B2M,KIR2DL1,stMLnet
B2M,KIR2DL3,stMLnet
B2M,KIR3DL1,stMLnet
B2M,KLRC1,stMLnet
B2M,KLRD1,stMLnet
B2M,LILRB1,stMLnet
B2M,LILRB2,stMLnet
B2M,TFRC,stMLnet
BCAN,EGFR,stMLnet
BCAN,NRCAM,stMLnet
BDNF,DRD4,stMLnet
BDNF,NGFR,stMLnet
BDNF,NTRK2,stMLnet
BDNF,SORT1,stMLnet
BGN,FGFR3,stMLnet
BGN,LY96,stMLnet
BGN,TLR1,stMLnet
BGN,TLR2,stMLnet
BGN,TLR4,stMLnet
BMP10,ACVR1,stMLnet
BMP10,ACVR2A,stMLnet
BMP10,ACVR2B,stMLnet
BMP10,ACVRL1,stMLnet
BMP10,BMPR1A,stMLnet
BMP10,BMPR1B,stMLnet
BMP10,BMPR2,stMLnet
BMP10,ENG,stMLnet
BMP15,ACVR1,stMLnet
BMP15,ACVR2A,stMLnet
BMP15,ACVR2B,stMLnet
BMP15,BMPR1A,stMLnet
BMP15,BMPR1B,stMLnet
BMP15,BMPR2,stMLnet
BMP2,ACVR1,stMLnet
BMP2,ACVR2A,stMLnet
BMP2,ACVR2B,stMLnet
BMP2,BMPR1A,stMLnet
BMP2,BMPR1B,stMLnet
BMP2,BMPR2,stMLnet
BMP2,ENG,stMLnet
BMP2,HJV,stMLnet
BMP2,RGMB,stMLnet
BMP3,ACVR1,stMLnet
BMP3,ACVR2A,stMLnet
BMP3,ACVR2B,stMLnet
BMP3,BMPR1A,stMLnet
BMP3,BMPR1B,stMLnet
BMP3,BMPR2,stMLnet
BMP4,ACVR1,stMLnet
BMP4,ACVR2A,stMLnet
BMP4,ACVR2B,stMLnet
BMP4,BMPR1A,stMLnet
BMP4,BMPR1B,stMLnet
BMP4,BMPR2,stMLnet
BMP4,CFC1,stMLnet
BMP4,RGMB,stMLnet
BMP5,ACVR1,stMLnet
BMP5,ACVR2A,stMLnet
BMP5,ACVR2B,stMLnet
BMP5,BMPR1A,stMLnet
BMP5,BMPR1B,stMLnet
BMP5,BMPR2,stMLnet
BMP5,HJV,stMLnet
BMP6,ACVR1,stMLnet
BMP6,ACVR2A,stMLnet
BMP6,ACVR2B,stMLnet
BMP6,BMPR1A,stMLnet
BMP6,BMPR1B,stMLnet
BMP6,BMPR2,stMLnet
BMP6,HJV,stMLnet
BMP7,ACVR1,stMLnet
BMP7,ACVR2A,stMLnet
BMP7,ACVR2B,stMLnet
BMP7,BMPR1A,stMLnet
BMP7,BMPR1B,stMLnet
BMP7,BMPR2,stMLnet
BMP7,ENG,stMLnet
BMP7,HJV,stMLnet
BMP8A,ACVR1,stMLnet
BMP8A,ACVR2A,stMLnet
BMP8A,ACVR2B,stMLnet
BMP8A,BMPR1A,stMLnet
BMP8A,BMPR1B,stMLnet
BMP8A,BMPR2,stMLnet
BMP8A,TGFBR1,stMLnet
BMP8A,TGFBR2,stMLnet
BMP8B,ACVR1,stMLnet
BMP8B,ACVR2A,stMLnet
BMP8B,ACVR2B,stMLnet
BMP8B,BMPR1A,stMLnet
BMP8B,BMPR1B,stMLnet
BMP8B,BMPR2,stMLnet
BSG,SELE,stMLnet
BSG,SLC16A1,stMLnet
BSG,SLC16A7,stMLnet
BTC,EGFR,stMLnet
BTC,ERBB2,stMLnet
BTC,ERBB3,stMLnet
BTC,ERBB4,stMLnet
BTLA,CD247,stMLnet
BTLA,CD79A,stMLnet
BTLA,TNFRSF14,stMLnet
C1orf200,LY6G6C,stMLnet
C1QA,CSPG4,stMLnet
C1QB,LRP1,stMLnet
C1QTNF1,AVPR2,stMLnet
C3,C3AR1,stMLnet
C3,C5AR2,stMLnet
C3,CD19,stMLnet
C3,CD46,stMLnet
C3,CD81,stMLnet
C3,CR1,stMLnet
C3,CR2,stMLnet
C3,IFITM1,stMLnet
C3,ITGAM,stMLnet
C3,ITGAX,stMLnet
C3,ITGB2,stMLnet
C3,LRP1,stMLnet
C3,NRP1,stMLnet
C4A,C3AR1,stMLnet
C4A,C5AR2,stMLnet
C4A,CR1,stMLnet
C4A,CR2,stMLnet
C4A,NRP1,stMLnet
C4B,CD46,stMLnet
C4B,CR1,stMLnet
C4BPA,BMPR2,stMLnet
C4BPA,CD40,stMLnet
C4BPA,LRP1,stMLnet
C5,C5AR1,stMLnet
C5,C5AR2,stMLnet
CADM1,CADM1,stMLnet
CADM1,CADM3,stMLnet
CADM1,CRTAM,stMLnet
CADM1,NECTIN3,stMLnet
CADM3,CADM1,stMLnet
CADM3,CADM3,stMLnet
CADM3,NECTIN1,stMLnet
CADM3,NECTIN3,stMLnet
CALCA,CALCR,stMLnet
CALCA,CALCRL,stMLnet
CALCA,RAMP1,stMLnet
CALCA,RAMP2,stMLnet
CALCB,CALCR,stMLnet
CALCB,CALCRL,stMLnet
CALCB,RAMP1,stMLnet
CALM1,ABCA1,stMLnet
CALM1,ADCY8,stMLnet
CALM1,ADCYAP1R1,stMLnet
CALM1,AQP6,stMLnet
CALM1,CACNA1C,stMLnet
CALM1,CALCR,stMLnet
CALM1,CNGA2,stMLnet
CALM1,CRHR1,stMLnet
CALM1,EGFR,stMLnet
CALM1,FAS,stMLnet
CALM1,GLP1R,stMLnet
CALM1,GLP2R,stMLnet
CALM1,GP6,stMLnet
CALM1,GRM3,stMLnet
CALM1,GRM4,stMLnet
CALM1,GRM5,stMLnet
CALM1,GRM7,stMLnet
CALM1,HMMR,stMLnet
CALM1,HTR2C,stMLnet
CALM1,INSR,stMLnet
CALM1,KCNH1,stMLnet
CALM1,KCNN4,stMLnet
CALM1,KCNQ1,stMLnet
CALM1,KCNQ3,stMLnet
CALM1,KCNQ5,stMLnet
CALM1,MIP,stMLnet
CALM1,MYLK,stMLnet
CALM1,MYLK2,stMLnet
CALM1,OPRM1,stMLnet
CALM1,PDE1A,stMLnet
CALM1,PDE1B,stMLnet
CALM1,PDE1C,stMLnet
CALM1,PTH2R,stMLnet
CALM1,PTPRA,stMLnet
CALM1,SCN10A,stMLnet
CALM1,SCN4A,stMLnet
CALM1,SCTR,stMLnet
CALM1,SELL,stMLnet
CALM1,TRPC3,stMLnet
CALM1,TRPC5,stMLnet
CALM1,VIPR1,stMLnet
CALM2,ABCA1,stMLnet
CALM2,ADCY8,stMLnet
CALM2,AQP6,stMLnet
CALM2,CACNA1C,stMLnet
CALM2,CNGA2,stMLnet
CALM2,EGFR,stMLnet
CALM2,GP6,stMLnet
CALM2,GRM5,stMLnet
CALM2,GRM7,stMLnet
CALM2,INSR,stMLnet
CALM2,KCNH1,stMLnet
CALM2,KCNQ1,stMLnet
CALM2,KCNQ3,stMLnet
CALM2,KCNQ5,stMLnet
CALM2,MYLK,stMLnet
CALM2,MYLK2,stMLnet
CALM2,PDE1A,stMLnet
CALM2,PDE1B,stMLnet
CALM2,PDE1C,stMLnet
CALM2,SCN10A,stMLnet
CALM2,SCN4A,stMLnet
CALM2,SELL,stMLnet
CALM2,TRPC5,stMLnet
CALM3,ABCA1,stMLnet
CALM3,ADCY8,stMLnet
CALM3,AQP6,stMLnet
CALM3,CNGA2,stMLnet
CALM3,EGFR,stMLnet
CALM3,GP6,stMLnet
CALM3,GRM5,stMLnet
CALM3,GRM7,stMLnet
CALM3,INSR,stMLnet
CALM3,KCNH1,stMLnet
CALM3,KCNQ1,stMLnet
CALM3,KCNQ3,stMLnet
CALM3,KCNQ5,stMLnet
CALM3,MYLK,stMLnet
CALM3,MYLK2,stMLnet
CALM3,PDE1A,stMLnet
CALM3,PDE1B,stMLnet
CALM3,PDE1C,stMLnet
CALM3,SCN10A,stMLnet
CALM3,SCN4A,stMLnet
CALM3,SELL,stMLnet
CALM3,TRPC5,stMLnet
CALR,HLA-F,stMLnet
CALR,ITGA3,stMLnet
CALR,ITGAV,stMLnet
CALR,LRP1,stMLnet
CALR,MTNR1A,stMLnet
CALR,SCARF1,stMLnet
CALR,TSHR,stMLnet
CAMP,EGFR,stMLnet
CAMP,FPR2,stMLnet
CAMP,IGF1R,stMLnet
CAMP,P2RX7,stMLnet
CCK,CCKAR,stMLnet
CCK,CCKBR,stMLnet
CCL1,ACKR1,stMLnet
CCL1,ACKR4,stMLnet
CCL1,CCR8,stMLnet
CCL11,ACKR1,stMLnet
CCL11,ACKR2,stMLnet
CCL11,ACKR4,stMLnet
CCL11,CCR2,stMLnet
CCL11,CCR3,stMLnet
CCL11,CCR5,stMLnet
CCL11,CXCR3,stMLnet
CCL12,CCR2,stMLnet
CCL13,ACKR1,stMLnet
CCL13,ACKR2,stMLnet
CCL13,ACKR4,stMLnet
CCL13,CCR1,stMLnet
CCL13,CCR2,stMLnet
CCL13,CCR3,stMLnet
CCL13,CCR5,stMLnet
CCL13,CCR9,stMLnet
CCL13,CXCR3,stMLnet
CCL14,ACKR1,stMLnet
CCL14,ACKR2,stMLnet
CCL14,CCR1,stMLnet
CCL14,CCR3,stMLnet
CCL14,CCR5,stMLnet
CCL15,CCR1,stMLnet
CCL15,CCR3,stMLnet
CCL16,ACKR1,stMLnet
CCL16,CCR1,stMLnet
CCL16,CCR2,stMLnet
CCL16,CCR5,stMLnet
CCL16,CCR8,stMLnet
CCL16,HRH4,stMLnet
CCL17,ACKR1,stMLnet
CCL17,ACKR2,stMLnet
CCL17,CCR4,stMLnet
CCL17,CCR8,stMLnet
CCL18,ACKR1,stMLnet
CCL18,CCR3,stMLnet
CCL18,CCR8,stMLnet
CCL18,PITPNM3,stMLnet
CCL19,ACKR2,stMLnet
CCL19,ACKR4,stMLnet
CCL19,CCR10,stMLnet
CCL19,CCR7,stMLnet
CCL19,CCRL2,stMLnet
CCL19,CXCR3,stMLnet
CCL2,ACKR1,stMLnet
CCL2,ACKR2,stMLnet
CCL2,ACKR4,stMLnet
CCL2,CCR1,stMLnet
CCL2,CCR10,stMLnet
CCL2,CCR2,stMLnet
CCL2,CCR3,stMLnet
CCL2,CCR4,stMLnet
CCL2,CCR5,stMLnet
CCL20,ACKR4,stMLnet
CCL20,CCR6,stMLnet
CCL20,CXCR3,stMLnet
CCL21,ACKR2,stMLnet
CCL21,ACKR4,stMLnet
CCL21,CCR10,stMLnet
CCL21,CCR7,stMLnet
CCL21,CXCR3,stMLnet
CCL22,ACKR2,stMLnet
CCL22,CCR4,stMLnet
CCL23,CCR1,stMLnet
CCL24,ACKR2,stMLnet
CCL24,CCR2,stMLnet
CCL24,CCR3,stMLnet
CCL25,ACKR2,stMLnet
CCL25,ACKR4,stMLnet
CCL25,CCR10,stMLnet
CCL25,CCR9,stMLnet
CCL26,ACKR2,stMLnet
CCL26,CCR1,stMLnet
CCL26,CCR2,stMLnet
CCL26,CCR3,stMLnet
CCL26,CX3CR1,stMLnet
CCL27,ACKR2,stMLnet
CCL27,CCR10,stMLnet
CCL27,CCR2,stMLnet
CCL27,CCR3,stMLnet
CCL28,ACKR2,stMLnet
CCL28,CCR10,stMLnet
CCL28,CCR3,stMLnet
CCL3,ACKR2,stMLnet
CCL3,CCR1,stMLnet
CCL3,CCR3,stMLnet
CCL3,CCR4,stMLnet
CCL3,CCR5,stMLnet
CCL3L1,ACKR2,stMLnet
CCL3L1,CCR1,stMLnet
CCL3L1,CCR3,stMLnet
CCL3L1,CCR5,stMLnet
CCL3L3,ACKR2,stMLnet
CCL3L3,CCR1,stMLnet
CCL3L3,CCR5,stMLnet
CCL4,ACKR2,stMLnet
CCL4,CCR1,stMLnet
CCL4,CCR3,stMLnet
CCL4,CCR5,stMLnet
CCL4,CCR8,stMLnet
CCL4L1,CCR1,stMLnet
CCL4L1,CCR3,stMLnet
CCL4L1,CCR5,stMLnet
CCL5,ACKR1,stMLnet
CCL5,ACKR2,stMLnet
CCL5,CCR1,stMLnet
CCL5,CCR3,stMLnet
CCL5,CCR4,stMLnet
CCL5,CCR5,stMLnet
CCL5,CXCR3,stMLnet
CCL5,SDC1,stMLnet
CCL5,SDC4,stMLnet
CCL7,ACKR1,stMLnet
CCL7,ACKR2,stMLnet
CCL7,ACKR4,stMLnet
CCL7,CCR1,stMLnet
CCL7,CCR10,stMLnet
CCL7,CCR2,stMLnet
CCL7,CCR3,stMLnet
CCL7,CCR5,stMLnet
CCL7,CXCR3,stMLnet
CCL8,ACKR1,stMLnet
CCL8,ACKR2,stMLnet
CCL8,ACKR4,stMLnet
CCL8,CCR1,stMLnet
CCL8,CCR2,stMLnet
CCL8,CCR3,stMLnet
CCL8,CCR5,stMLnet
CCL8,CCR8,stMLnet
CCN1,ITGA5,stMLnet
CCN1,ITGAM,stMLnet
CCN1,ITGAV,stMLnet
CCN1,ITGB2,stMLnet
CCN1,ITGB3,stMLnet
CCN1,ITGB5,stMLnet
CCN1,SDC4,stMLnet
CCN2,FGFR2,stMLnet
CCN2,IGF2R,stMLnet
CCN2,ITGA5,stMLnet
CCN2,ITGAM,stMLnet
CCN2,ITGB2,stMLnet
CCN2,LRP1,stMLnet
CCN2,LRP6,stMLnet
CCN2,NTRK1,stMLnet
CCN3,NOTCH1,stMLnet
CCN4,ITGA5,stMLnet
CCN4,ITGB1,stMLnet
CD14,ITGA4,stMLnet
CD14,ITGB1,stMLnet
CD160,TNFRSF14,stMLnet
CD2,CD48,stMLnet
CD200,CD200R1,stMLnet
CD200R1,CD200,stMLnet
CD209,ICAM3,stMLnet
CD22,PTPRC,stMLnet
CD226,NECTIN2,stMLnet
CD226,PVR,stMLnet
CD24,SELP,stMLnet
CD244,CD48,stMLnet
CD274,CD80,stMLnet
CD274,PDCD1,stMLnet
CD34,SELE,stMLnet
CD34,SELL,stMLnet
CD34,SELP,stMLnet
CD38,PECAM1,stMLnet
CD40,CD40LG,stMLnet
CD40LG,CD40,stMLnet
CD40LG,ITGA2B,stMLnet
CD40LG,ITGA5,stMLnet
CD40LG,ITGAM,stMLnet
CD40LG,ITGB1,stMLnet
CD40LG,ITGB2,stMLnet
CD40LG,ITGB3,stMLnet
CD40LG,TRAF3,stMLnet
CD44,SELE,stMLnet
CD46,JAG1,stMLnet
CD47,SIRPA,stMLnet
CD47,SIRPG,stMLnet
CD55,ADGRE5,stMLnet
CD59,CD2,stMLnet
CD6,ALCAM,stMLnet
CD80,CD274,stMLnet
CD80,CD28,stMLnet
CD80,CTLA4,stMLnet
CD86,CD28,stMLnet
CD86,CTLA4,stMLnet
CD9,L1CAM,stMLnet
CD96,NECTIN1,stMLnet
CD96,PVR,stMLnet
CD99,CD99,stMLnet
CD99,PILRA,stMLnet
CD99,PILRB,stMLnet
CDH15,CDH15,stMLnet
CDH2,CDH2,stMLnet
CDH3,CDH3,stMLnet
CDH4,CDH4,stMLnet
CDH5,CDH5,stMLnet
CEACAM1,CD209,stMLnet
CEACAM1,HAVCR2,stMLnet
CEACAM1,SELE,stMLnet
CEACAM5,CD1D,stMLnet
CEACAM5,CD8A,stMLnet
CEACAM6,CEACAM8,stMLnet
CEACAM8,CEACAM1,stMLnet
CEL,CXCR4,stMLnet
CELA3B,CHRM3,stMLnet
CFH,ITGAM,stMLnet
CFH,SELL,stMLnet
CFP,NCR1,stMLnet
CGA,FSHR,stMLnet
CGA,LHCGR,stMLnet
CGA,SIRPA,stMLnet
CGA,TSHR,stMLnet
CGB,LHCGR,stMLnet
CGB3,LHCGR,stMLnet
CGB8,SIRPA,stMLnet
CGN,F11R,stMLnet
CGN,OCLN,stMLnet
CGN,TGFBR1,stMLnet
CGN,TGFBR2,stMLnet
CHAD,ITGA2,stMLnet
CHAD,ITGB1,stMLnet
CIRBP,TREM1,stMLnet
CLCF1,CNTFR,stMLnet
CLCF1,CRLF1,stMLnet
CLCF1,IL6ST,stMLnet
CLCF1,LIFR,stMLnet
CLDN11,CLDN11,stMLnet
CLDN24,CLDN24,stMLnet
CLEC11A,ITGA10,stMLnet
CLEC11A,ITGA11,stMLnet
CLEC11A,ITGB1,stMLnet
CLEC11A,KIT,stMLnet
CLEC2B,KLRF1,stMLnet
CLEC2D,KLRB1,stMLnet
CLEC3A,CLEC10A,stMLnet
CLEC3A,CLEC2B,stMLnet
CLEC4G,LAG3,stMLnet
CNTF,CNTFR,stMLnet
CNTF,IL6R,stMLnet
CNTF,IL6ST,stMLnet
CNTF,LIFR,stMLnet
CNTN1,NOTCH1,stMLnet
CNTN1,NOTCH2,stMLnet
CNTN1,NRCAM,stMLnet
CNTN1,PTPRZ1,stMLnet
CNTN2,CNTN1,stMLnet
CNTN2,CNTN2,stMLnet
CNTN2,CNTNAP2,stMLnet
CNTN2,L1CAM,stMLnet
CNTN2,NRCAM,stMLnet
CNTN2,NRP1,stMLnet
CNTN6,NOTCH1,stMLnet
COL11A1,ITGA2,stMLnet
COL11A1,ITGB1,stMLnet
COL14A1,CD44,stMLnet
COL18A1,GPC1,stMLnet
COL18A1,GPC4,stMLnet
COL18A1,ITGA5,stMLnet
COL18A1,ITGB1,stMLnet
COL18A1,KDR,stMLnet
COL18A1,PTPRS,stMLnet
COL1A1,CD36,stMLnet
COL1A1,CD44,stMLnet
COL1A1,FLT4,stMLnet
COL1A1,GP6,stMLnet
COL1A1,ITGA1,stMLnet
COL1A1,ITGA10,stMLnet
COL1A1,ITGA11,stMLnet
COL1A1,ITGA2,stMLnet
COL1A1,ITGA3,stMLnet
COL1A1,ITGA5,stMLnet
COL1A1,ITGA9,stMLnet
COL1A1,ITGAV,stMLnet
COL1A1,ITGB1,stMLnet
COL1A1,ITGB8,stMLnet
COL1A1,SDC1,stMLnet
COL1A1,SDC4,stMLnet
COL1A2,CD44,stMLnet
COL1A2,FLT4,stMLnet
COL1A2,GP6,stMLnet
COL1A2,ITGA1,stMLnet
COL1A2,ITGA10,stMLnet
COL1A2,ITGA11,stMLnet
COL1A2,ITGA2,stMLnet
COL1A2,ITGA3,stMLnet
COL1A2,ITGA9,stMLnet
COL1A2,ITGAV,stMLnet
COL1A2,ITGB1,stMLnet
COL1A2,ITGB3,stMLnet
COL1A2,ITGB8,stMLnet
COL1A2,SDC1,stMLnet
COL1A2,SDC4,stMLnet
COL2A1,CD44,stMLnet
COL2A1,GP6,stMLnet
COL2A1,ITGA1,stMLnet
COL2A1,ITGA10,stMLnet
COL2A1,ITGA11,stMLnet
COL2A1,ITGA2,stMLnet
COL2A1,ITGA3,stMLnet
COL2A1,ITGA9,stMLnet
COL2A1,ITGAV,stMLnet
COL2A1,ITGB1,stMLnet
COL2A1,ITGB8,stMLnet
COL2A1,MAG,stMLnet
COL2A1,OR1E1,stMLnet
COL2A1,SDC1,stMLnet
COL2A1,SDC4,stMLnet
COL2A1,TNFRSF10A,stMLnet
COL3A1,ITGA2,stMLnet
COL3A1,ITGB1,stMLnet
COL3A1,MAG,stMLnet
COL4A1,CD44,stMLnet
COL4A1,CD47,stMLnet
COL4A1,GP6,stMLnet
COL4A1,ITGA1,stMLnet
COL4A1,ITGA10,stMLnet
COL4A1,ITGA11,stMLnet
COL4A1,ITGA2,stMLnet
COL4A1,ITGA3,stMLnet
COL4A1,ITGA9,stMLnet
COL4A1,ITGAV,stMLnet
COL4A1,ITGB1,stMLnet
COL4A1,ITGB8,stMLnet
COL4A1,SDC1,stMLnet
COL4A1,SDC4,stMLnet
COL4A2,CD44,stMLnet
COL4A2,GP6,stMLnet
COL4A2,ITGA1,stMLnet
COL4A2,ITGA10,stMLnet
COL4A2,ITGA11,stMLnet
COL4A2,ITGA2,stMLnet
COL4A2,ITGA3,stMLnet
COL4A2,ITGA9,stMLnet
COL4A2,ITGAV,stMLnet
COL4A2,ITGB1,stMLnet
COL4A2,ITGB8,stMLnet
COL4A2,SDC1,stMLnet
COL4A2,SDC4,stMLnet
COL4A3,CD44,stMLnet
COL4A3,CD47,stMLnet
COL4A3,GP6,stMLnet
COL4A3,ITGA1,stMLnet
COL4A3,ITGA10,stMLnet
COL4A3,ITGA11,stMLnet
COL4A3,ITGA2,stMLnet
COL4A3,ITGA3,stMLnet
COL4A3,ITGA9,stMLnet
COL4A3,ITGAV,stMLnet
COL4A3,ITGB1,stMLnet
COL4A3,ITGB8,stMLnet
COL4A3,SDC1,stMLnet
COL4A3,SDC4,stMLnet
COL4A4,CD44,stMLnet
COL4A4,CD47,stMLnet
COL4A4,GP6,stMLnet
COL4A4,ITGA1,stMLnet
COL4A4,ITGA10,stMLnet
COL4A4,ITGA11,stMLnet
COL4A4,ITGA2,stMLnet
COL4A4,ITGA3,stMLnet
COL4A4,ITGA9,stMLnet
COL4A4,ITGAV,stMLnet
COL4A4,ITGB1,stMLnet
COL4A4,ITGB8,stMLnet
COL4A4,SDC1,stMLnet
COL4A4,SDC4,stMLnet
COL4A5,CD44,stMLnet
COL4A5,CD47,stMLnet
COL4A5,GP6,stMLnet
COL4A5,ITGA1,stMLnet
COL4A5,ITGA10,stMLnet
COL4A5,ITGA11,stMLnet
COL4A5,ITGA2,stMLnet
COL4A5,ITGA3,stMLnet
COL4A5,ITGA9,stMLnet
COL4A5,ITGAV,stMLnet
COL4A5,ITGB1,stMLnet
COL4A5,ITGB8,stMLnet
COL4A5,SDC1,stMLnet
COL4A5,SDC4,stMLnet
COL4A6,CD44,stMLnet
COL4A6,CD47,stMLnet
COL4A6,GP6,stMLnet
COL4A6,ITGA1,stMLnet
COL4A6,ITGA10,stMLnet
COL4A6,ITGA11,stMLnet
COL4A6,ITGA2,stMLnet
COL4A6,ITGA3,stMLnet
COL4A6,ITGA9,stMLnet
COL4A6,ITGAV,stMLnet
COL4A6,ITGB1,stMLnet
COL4A6,ITGB8,stMLnet
COL4A6,SDC1,stMLnet
COL4A6,SDC4,stMLnet
COL5A1,ITGA1,stMLnet
COL5A1,ITGB1,stMLnet
COL5A1,SDC3,stMLnet
COL5A2,ITGA1,stMLnet
COL5A2,ITGB1,stMLnet
COL5A3,SDC3,stMLnet
COL6A1,CD44,stMLnet
COL6A1,GP6,stMLnet
COL6A1,ITGA1,stMLnet
COL6A1,ITGA10,stMLnet
COL6A1,ITGA11,stMLnet
COL6A1,ITGA2,stMLnet
COL6A1,ITGA3,stMLnet
COL6A1,ITGA6,stMLnet
COL6A1,ITGA9,stMLnet
COL6A1,ITGAV,stMLnet
COL6A1,ITGB1,stMLnet
COL6A1,ITGB8,stMLnet
COL6A1,SDC1,stMLnet
COL6A1,SDC4,stMLnet
COL6A2,CD44,stMLnet
COL6A2,GP6,stMLnet
COL6A2,ITGA1,stMLnet
COL6A2,ITGA10,stMLnet
COL6A2,ITGA11,stMLnet
COL6A2,ITGA2,stMLnet
COL6A2,ITGA3,stMLnet
COL6A2,ITGA9,stMLnet
COL6A2,ITGAV,stMLnet
COL6A2,ITGB1,stMLnet
COL6A2,ITGB8,stMLnet
COL6A2,SDC1,stMLnet
COL6A2,SDC4,stMLnet
COL6A3,CD44,stMLnet
COL6A3,GP6,stMLnet
COL6A3,ITGA1,stMLnet
COL6A3,ITGA10,stMLnet
COL6A3,ITGA11,stMLnet
COL6A3,ITGA2,stMLnet
COL6A3,ITGA3,stMLnet
COL6A3,ITGA9,stMLnet
COL6A3,ITGAV,stMLnet
COL6A3,ITGB1,stMLnet
COL6A3,ITGB8,stMLnet
COL6A3,SDC1,stMLnet
COL6A3,SDC4,stMLnet
COL6A5,CD44,stMLnet
COL6A5,GP6,stMLnet
COL6A5,ITGA1,stMLnet
COL6A5,ITGA10,stMLnet
COL6A5,ITGA11,stMLnet
COL6A5,ITGA2,stMLnet
COL6A5,ITGA3,stMLnet
COL6A5,ITGA9,stMLnet
COL6A5,ITGAV,stMLnet
COL6A5,ITGB1,stMLnet
COL6A5,ITGB8,stMLnet
COL6A5,SDC1,stMLnet
COL6A5,SDC4,stMLnet
COL6A6,CD44,stMLnet
COL6A6,GP6,stMLnet
COL6A6,ITGA1,stMLnet
COL6A6,ITGA10,stMLnet
COL6A6,ITGA11,stMLnet
COL6A6,ITGA2,stMLnet
COL6A6,ITGA3,stMLnet
COL6A6,ITGA9,stMLnet
COL6A6,ITGAV,stMLnet
COL6A6,ITGB1,stMLnet
COL6A6,ITGB8,stMLnet
COL6A6,SDC1,stMLnet
COL6A6,SDC4,stMLnet
COL7A1,ITGA2,stMLnet
COL7A1,ITGB1,stMLnet
COL8A1,ITGA1,stMLnet
COL8A1,ITGA2,stMLnet
COL9A1,CD44,stMLnet
COL9A1,GP6,stMLnet
COL9A1,ITGA1,stMLnet
COL9A1,ITGA10,stMLnet
COL9A1,ITGA11,stMLnet
COL9A1,ITGA2,stMLnet
COL9A1,ITGA3,stMLnet
COL9A1,ITGA9,stMLnet
COL9A1,ITGAV,stMLnet
COL9A1,ITGB1,stMLnet
COL9A1,ITGB8,stMLnet
COL9A1,MAG,stMLnet
COL9A1,SDC1,stMLnet
COL9A1,SDC4,stMLnet
COL9A2,CD44,stMLnet
COL9A2,GP6,stMLnet
COL9A2,ITGA1,stMLnet
COL9A2,ITGA10,stMLnet
COL9A2,ITGA11,stMLnet
COL9A2,ITGA2,stMLnet
COL9A2,ITGA3,stMLnet
COL9A2,ITGA9,stMLnet
COL9A2,ITGAV,stMLnet
COL9A2,ITGB1,stMLnet
COL9A2,ITGB8,stMLnet
COL9A2,MAG,stMLnet
COL9A2,SDC1,stMLnet
COL9A2,SDC4,stMLnet
COL9A3,CD44,stMLnet
COL9A3,GP6,stMLnet
COL9A3,ITGA1,stMLnet
COL9A3,ITGA10,stMLnet
COL9A3,ITGA11,stMLnet
COL9A3,ITGA2,stMLnet
COL9A3,ITGA3,stMLnet
COL9A3,ITGA9,stMLnet
COL9A3,ITGAV,stMLnet
COL9A3,ITGB1,stMLnet
COL9A3,ITGB8,stMLnet
COL9A3,MAG,stMLnet
COL9A3,SDC1,stMLnet
COL9A3,SDC4,stMLnet
COLQ,MUSK,stMLnet
COMP,CD36,stMLnet
COMP,CD47,stMLnet
COMP,ITGA2B,stMLnet
COMP,ITGA3,stMLnet
COMP,ITGA5,stMLnet
COMP,ITGAV,stMLnet
COMP,ITGB1,stMLnet
COMP,ITGB3,stMLnet
COMP,SDC1,stMLnet
COMP,SDC4,stMLnet
COPA,NTSR2,stMLnet
CORT,GHSR,stMLnet
CORT,SSTR1,stMLnet
CORT,SSTR2,stMLnet
CORT,SSTR3,stMLnet
CORT,SSTR4,stMLnet
CORT,SSTR5,stMLnet
CP,SLC40A1,stMLnet
CPAMD8,SCTR,stMLnet
CRH,CRHR1,stMLnet
CRH,CRHR2,stMLnet
CRH,MC2R,stMLnet
CRLF1,CNTFR,stMLnet
CRP,OLR1,stMLnet
CRTAM,CADM1,stMLnet
CSF1,CSF1R,stMLnet
CSF2,CSF1R,stMLnet
CSF2,CSF2RA,stMLnet
CSF2,CSF2RB,stMLnet
CSF2,CSF3R,stMLnet
CSF2,IL3RA,stMLnet
CSF2,ITGA9,stMLnet
CSF2,ITGB1,stMLnet
CSF2,SDC2,stMLnet
CSF3,CSF1R,stMLnet
CSF3,CSF3R,stMLnet
CSH1,GHR,stMLnet
CSH1,PRLR,stMLnet
CSH2,PRLR,stMLnet
CSHL1,GHR,stMLnet
CSHL1,PRLR,stMLnet
CSPG4,ITGA3,stMLnet
CSPG4,ITGB1,stMLnet
CTF1,IL6ST,stMLnet
CTF1,LIFR,stMLnet
CTGF,ITGA5,stMLnet
CTGF,ITGAM,stMLnet
CTGF,ITGB2,stMLnet
CTGF,LRP1,stMLnet
CTGF,LRP6,stMLnet
CTGF,NTRK1,stMLnet
CTHRC1,FZD3,stMLnet
CTHRC1,FZD5,stMLnet
CTHRC1,FZD6,stMLnet
CTHRC1,ROR2,stMLnet
CTSG,F2R,stMLnet
CTSG,F2RL1,stMLnet
CTSG,F2RL2,stMLnet
CTSG,F2RL3,stMLnet
CTSG,PARD3,stMLnet
CX3CL1,CX3CR1,stMLnet
CX3CL1,ITGAV,stMLnet
CX3CL1,ITGB3,stMLnet
CXADR,CXADR,stMLnet
CXADR,JAML,stMLnet
CXCL1,ACKR1,stMLnet
CXCL1,CXCR1,stMLnet
CXCL1,CXCR2,stMLnet
CXCL10,ACKR1,stMLnet
CXCL10,CCR3,stMLnet
CXCL10,CXCR3,stMLnet
CXCL10,SDC4,stMLnet
CXCL11,ACKR1,stMLnet
CXCL11,ACKR3,stMLnet
CXCL11,CCR3,stMLnet
CXCL11,CXCR3,stMLnet
CXCL12,ACKR3,stMLnet
CXCL12,CCR4,stMLnet
CXCL12,CD4,stMLnet
CXCL12,CXCR3,stMLnet
CXCL12,CXCR4,stMLnet
CXCL12,ITGA4,stMLnet
CXCL12,ITGA5,stMLnet
CXCL12,ITGAV,stMLnet
CXCL12,ITGB1,stMLnet
CXCL12,ITGB3,stMLnet
CXCL12,SDC4,stMLnet
CXCL13,ACKR1,stMLnet
CXCL13,ACKR4,stMLnet
CXCL13,CCR10,stMLnet
CXCL13,CXCR3,stMLnet
CXCL13,CXCR5,stMLnet
CXCL13,HTR2A,stMLnet
CXCL13,OPRD1,stMLnet
CXCL14,CXCR4,stMLnet
CXCL16,CXCR6,stMLnet
CXCL2,ACKR1,stMLnet
CXCL2,CXCR1,stMLnet
CXCL2,CXCR2,stMLnet
CXCL2,XCR1,stMLnet
CXCL3,ACKR1,stMLnet
CXCL3,CXCR1,stMLnet
CXCL3,CXCR2,stMLnet
CXCL5,ACKR1,stMLnet
CXCL5,CXCR1,stMLnet
CXCL5,CXCR2,stMLnet
CXCL6,ACKR1,stMLnet
CXCL6,CXCR1,stMLnet
CXCL6,CXCR2,stMLnet
CXCL8,ACKR1,stMLnet
CXCL8,CXCR1,stMLnet
CXCL8,CXCR2,stMLnet
CXCL8,SDC1,stMLnet
CXCL8,SDC2,stMLnet
CXCL9,ACKR1,stMLnet
CXCL9,CCR3,stMLnet
CXCL9,CXCR3,stMLnet
CYR61,CAV1,stMLnet
CYR61,ITGA5,stMLnet
CYR61,ITGAM,stMLnet
CYR61,ITGAV,stMLnet
CYR61,ITGB2,stMLnet
CYR61,ITGB3,stMLnet
CYR61,ITGB5,stMLnet
CYTL1,CCR2,stMLnet
DAG1,LAMA4,stMLnet
DCN,EGFR,stMLnet
DCN,ERBB4,stMLnet
DCN,MET,stMLnet
DCN,TLR2,stMLnet
DCN,TLR4,stMLnet
DEFB1,CCR6,stMLnet
DEFB103A,CCR6,stMLnet
DEFB103B,CCR2,stMLnet
DEFB103B,CCR6,stMLnet
DEFB106A,CCR2,stMLnet
DEFB4A,CCR6,stMLnet
DEFB4A,TLR4,stMLnet
DEFB4B,CCR6,stMLnet
DHH,BOC,stMLnet
DHH,CDON,stMLnet
DHH,HHIP,stMLnet
DHH,PTCH1,stMLnet
DHH,PTCH2,stMLnet
DHH,SMO,stMLnet
DKK1,KREMEN1,stMLnet
DKK1,KREMEN2,stMLnet
DKK1,LRP4,stMLnet
DKK1,LRP5,stMLnet
DKK1,LRP6,stMLnet
DKK2,KREMEN1,stMLnet
DKK2,KREMEN2,stMLnet
DKK2,LRP5,stMLnet
DKK2,LRP6,stMLnet
DKK4,KREMEN1,stMLnet
DKK4,KREMEN2,stMLnet
DKK4,LRP6,stMLnet
DLK2,NOTCH1,stMLnet
DMP1,ITGAV,stMLnet
DMP1,ITGB3,stMLnet
DSC1,DSG1,stMLnet
DSC1,DSG2,stMLnet
DSC1,DSG3,stMLnet
DSC1,DSG4,stMLnet
DSC2,DSG1,stMLnet
DSC2,DSG2,stMLnet
DSC2,DSG3,stMLnet
DSC2,DSG4,stMLnet
DSC3,DSG1,stMLnet
DSC3,DSG2,stMLnet
DSC3,DSG3,stMLnet
DSC3,DSG4,stMLnet
DSCAM,DCC,stMLnet
DSG1,DSC3,stMLnet
DSG2,DSC1,stMLnet
DSG2,DSC3,stMLnet
DSPP,ITGAV,stMLnet
DSPP,ITGB1,stMLnet
DSPP,ITGB6,stMLnet
DUSP18,CD151,stMLnet
DUSP18,ITGA1,stMLnet
DUSP18,ITGA2,stMLnet
DUSP18,ITGA3,stMLnet
DUSP18,ITGA6,stMLnet
DUSP18,ITGA7,stMLnet
DUSP18,ITGB1,stMLnet
DUSP18,ITGB4,stMLnet
DUSP18,RPSA,stMLnet
EBI3,IL27RA,stMLnet
EBI3,IL6ST,stMLnet
ECM1,ITGB4,stMLnet
EDA,EDA2R,stMLnet
EDA,EDAR,stMLnet
EDIL3,ITGB3,stMLnet
EDIL3,ITGB5,stMLnet
EDN1,EDNRA,stMLnet
EDN1,EDNRB,stMLnet
EDN1,KEL,stMLnet
EDN2,EDNRA,stMLnet
EDN2,EDNRB,stMLnet
EDN2,KEL,stMLnet
EDN3,EDNRA,stMLnet
EDN3,EDNRB,stMLnet
EDN3,KEL,stMLnet
EFEMP1,EGFR,stMLnet
EFNA1,EPHA1,stMLnet
EFNA1,EPHA2,stMLnet
EFNA1,EPHA3,stMLnet
EFNA1,EPHA4,stMLnet
EFNA1,EPHA5,stMLnet
EFNA1,EPHA6,stMLnet
EFNA1,EPHA7,stMLnet
EFNA1,EPHA8,stMLnet
EFNA1,EPHB6,stMLnet
EFNA4,EPHA1,stMLnet
EFNA4,EPHA2,stMLnet
EFNA4,EPHA3,stMLnet
EFNA4,EPHA4,stMLnet
EFNA4,EPHA5,stMLnet
EFNA4,EPHA6,stMLnet
EFNA4,EPHA7,stMLnet
EFNA4,EPHA8,stMLnet
EFNB2,EPHA3,stMLnet
EFNB2,EPHA4,stMLnet
EFNB2,EPHA6,stMLnet
EFNB2,EPHB1,stMLnet
EFNB2,EPHB2,stMLnet
EFNB2,EPHB3,stMLnet
EFNB2,EPHB4,stMLnet
EFNB2,EPHB6,stMLnet
EFNB2,GRM1,stMLnet
EFNB2,GRM5,stMLnet
EFNB2,PECAM1,stMLnet
EFNB3,EPHA4,stMLnet
EFNB3,EPHB1,stMLnet
EFNB3,EPHB2,stMLnet
EFNB3,EPHB3,stMLnet
EFNB3,EPHB4,stMLnet
EFNB3,EPHB6,stMLnet
EGF,CAV1,stMLnet
EGF,EGFR,stMLnet
EGF,ERBB2,stMLnet
EGF,ERBB3,stMLnet
EGF,ERBB4,stMLnet
EGF,FSHR,stMLnet
EGFL8,NCR3,stMLnet
ENAM,CD63,stMLnet
EPGN,EGFR,stMLnet
EPHA4,EFNB1,stMLnet
EPO,EPHB4,stMLnet
EPO,EPOR,stMLnet
EREG,EGFR,stMLnet
EREG,ERBB2,stMLnet
EREG,ERBB3,stMLnet
EREG,ERBB4,stMLnet
ESAM,ESAM,stMLnet
F10,F3,stMLnet
F10,ITGAM,stMLnet
F10,ITGB2,stMLnet
F11,GP1BA,stMLnet
F11R,F11R,stMLnet
F11R,ITGAL,stMLnet
F11R,ITGB2,stMLnet
F11R,JAM2,stMLnet
F11R,JAM3,stMLnet
F12,GP1BA,stMLnet
F13A1,ITGA4,stMLnet
F13A1,ITGA9,stMLnet
F13A1,ITGB1,stMLnet
F2,F2R,stMLnet
F2,F2RL1,stMLnet
F2,F2RL2,stMLnet
F2,F2RL3,stMLnet
F2,GP1BA,stMLnet
F2,GP1BB,stMLnet
F2,GP9,stMLnet
F2,ITGA2B,stMLnet
F2,PARD3,stMLnet
F2,THBD,stMLnet
F7,F3,stMLnet
F8,ASGR2,stMLnet
F8,LDLR,stMLnet
F8,LRP1,stMLnet
F9,LRP1,stMLnet
FAM3C,LIFR,stMLnet
FAM3D,FPR1,stMLnet
FAM3D,FPR2,stMLnet
FARP2,PLXNA1,stMLnet
FARP2,PLXNA2,stMLnet
FARP2,PLXNA3,stMLnet
FARP2,PLXNA4,stMLnet
FASLG,FAS,stMLnet
FASLG,TNFRSF1A,stMLnet
FASLG,TNFRSF6B,stMLnet
FAT4,DCHS1,stMLnet
FBLN1,ITGB1,stMLnet
FBN1,ITGA5,stMLnet
FBN1,ITGAV,stMLnet
FBN1,ITGB1,stMLnet
FBN1,ITGB3,stMLnet
FBN1,ITGB6,stMLnet
FCER2,CR2,stMLnet
FCER2,ITGAM,stMLnet
FCER2,ITGAV,stMLnet
FCER2,ITGAX,stMLnet
FCER2,ITGB2,stMLnet
FCER2,ITGB3,stMLnet
FCN2,LRP1,stMLnet
FGA,ITGA2B,stMLnet
FGA,ITGA5,stMLnet
FGA,ITGAD,stMLnet
FGA,ITGAM,stMLnet
FGA,ITGAV,stMLnet
FGA,ITGAX,stMLnet
FGA,ITGB1,stMLnet
FGA,ITGB2,stMLnet
FGA,ITGB3,stMLnet
FGA,PLAUR,stMLnet
FGA,TLR4,stMLnet
FGB,ITGA2B,stMLnet
FGB,ITGA5,stMLnet
FGB,ITGAM,stMLnet
FGB,ITGAV,stMLnet
FGB,ITGB1,stMLnet
FGB,ITGB2,stMLnet
FGB,TLR4,stMLnet
FGF1,CD44,stMLnet
FGF1,CSPG4,stMLnet
FGF1,EGFR,stMLnet
FGF1,FGFR1,stMLnet
FGF1,FGFR2,stMLnet
FGF1,FGFR3,stMLnet
FGF1,FGFR4,stMLnet
FGF1,FGFRL1,stMLnet
FGF1,NRP1,stMLnet
FGF10,FGFR1,stMLnet
FGF10,FGFR2,stMLnet
FGF10,FGFR3,stMLnet
FGF10,FGFR4,stMLnet
FGF10,FGFRL1,stMLnet
FGF11,FGFR1,stMLnet
FGF11,FGFR2,stMLnet
FGF11,FGFR3,stMLnet
FGF11,FGFR4,stMLnet
FGF12,FGFR1,stMLnet
FGF12,FGFR2,stMLnet
FGF12,FGFR3,stMLnet
FGF12,FGFR4,stMLnet
FGF13,EGFR,stMLnet
FGF13,FGFR1,stMLnet
FGF13,FGFR2,stMLnet
FGF13,FGFR3,stMLnet
FGF13,FGFR4,stMLnet
FGF13,SCN5A,stMLnet
FGF13,SCN8A,stMLnet
FGF14,FGFR1,stMLnet
FGF14,FGFR2,stMLnet
FGF14,FGFR3,stMLnet
FGF14,FGFR4,stMLnet
FGF16,FGFR1,stMLnet
FGF16,FGFR2,stMLnet
FGF16,FGFR3,stMLnet
FGF16,FGFR4,stMLnet
FGF17,FGFR1,stMLnet
FGF17,FGFR2,stMLnet
FGF17,FGFR3,stMLnet
FGF17,FGFR4,stMLnet
FGF18,FGFR1,stMLnet
FGF18,FGFR2,stMLnet
FGF18,FGFR3,stMLnet
FGF18,FGFR4,stMLnet
FGF19,FGFR1,stMLnet
FGF19,FGFR2,stMLnet
FGF19,FGFR3,stMLnet
FGF19,FGFR4,stMLnet
FGF19,KLB,stMLnet
FGF2,CD44,stMLnet
FGF2,FGFR1,stMLnet
FGF2,FGFR2,stMLnet
FGF2,FGFR3,stMLnet
FGF2,FGFR4,stMLnet
FGF2,FGFRL1,stMLnet
FGF2,GPC4,stMLnet
FGF2,NRP1,stMLnet
FGF2,SDC1,stMLnet
FGF2,SDC2,stMLnet
FGF2,SDC3,stMLnet
FGF2,SDC4,stMLnet
FGF20,FGFR1,stMLnet
FGF20,FGFR2,stMLnet
FGF20,FGFR3,stMLnet
FGF20,FGFR4,stMLnet
FGF21,FGFR1,stMLnet
FGF21,FGFR2,stMLnet
FGF21,FGFR3,stMLnet
FGF21,FGFR4,stMLnet
FGF22,FGFR1,stMLnet
FGF22,FGFR2,stMLnet
FGF22,FGFRL1,stMLnet
FGF23,FGFR1,stMLnet
FGF23,FGFR2,stMLnet
FGF23,FGFR3,stMLnet
FGF23,FGFR4,stMLnet
FGF23,KL,stMLnet
FGF3,FGFR1,stMLnet
FGF3,FGFR2,stMLnet
FGF3,FGFR3,stMLnet
FGF3,FGFR4,stMLnet
FGF3,FGFRL1,stMLnet
FGF4,FGFR1,stMLnet
FGF4,FGFR2,stMLnet
FGF4,FGFR3,stMLnet
FGF4,FGFR4,stMLnet
FGF4,FGFRL1,stMLnet
FGF4,NRP1,stMLnet
FGF5,FGFR1,stMLnet
FGF5,FGFR2,stMLnet
FGF5,FGFR3,stMLnet
FGF5,FGFR4,stMLnet
FGF6,FGFR1,stMLnet
FGF6,FGFR2,stMLnet
FGF6,FGFR3,stMLnet
FGF6,FGFR4,stMLnet
FGF6,SDC4,stMLnet
FGF7,FGFR1,stMLnet
FGF7,FGFR2,stMLnet
FGF7,FGFR3,stMLnet
FGF7,NRP1,stMLnet
FGF8,FGFR1,stMLnet
FGF8,FGFR2,stMLnet
FGF8,FGFR3,stMLnet
FGF8,FGFR4,stMLnet
FGF8,FGFRL1,stMLnet
FGF9,FGFR1,stMLnet
FGF9,FGFR2,stMLnet
FGF9,FGFR3,stMLnet
FGF9,FGFR4,stMLnet
FGG,ITGA2B,stMLnet
FGG,ITGA5,stMLnet
FGG,ITGAV,stMLnet
FGG,ITGB1,stMLnet
FGG,ITGB2,stMLnet
FGG,TLR4,stMLnet
FGL1,EGFR,stMLnet
FGL1,LAG3,stMLnet
FIGF,FLT1,stMLnet
FIGF,FLT4,stMLnet
FIGF,ITGA1,stMLnet
FIGF,ITGA2,stMLnet
FIGF,ITGA4,stMLnet
FIGF,ITGA5,stMLnet
FIGF,ITGA9,stMLnet
FIGF,ITGB1,stMLnet
FIGF,KDR,stMLnet
FIGF,NRP2,stMLnet
FLT3LG,FLT3,stMLnet
FN1,C5AR1,stMLnet
FN1,CD44,stMLnet
FN1,CD79A,stMLnet
FN1,COL13A1,stMLnet
FN1,FLT4,stMLnet
FN1,IL17RC,stMLnet
FN1,ITGA2,stMLnet
FN1,ITGA2B,stMLnet
FN1,ITGA3,stMLnet
FN1,ITGA4,stMLnet
FN1,ITGA5,stMLnet
FN1,ITGA6,stMLnet
FN1,ITGA8,stMLnet
FN1,ITGA9,stMLnet
FN1,ITGAV,stMLnet
FN1,ITGB1,stMLnet
FN1,ITGB3,stMLnet
FN1,ITGB6,stMLnet
FN1,ITGB7,stMLnet
FN1,ITGB8,stMLnet
FN1,MAG,stMLnet
FN1,NT5E,stMLnet
FN1,PLAUR,stMLnet
FN1,SDC1,stMLnet
FN1,SDC2,stMLnet
FN1,SDC4,stMLnet
FN1,TNFRSF11B,stMLnet
FN1,TSHR,stMLnet
FNDC5,ITGAV,stMLnet
FNDC5,ITGB5,stMLnet
FRAS1,ITGA8,stMLnet
FRAS1,ITGB1,stMLnet
FREM1,ITGA8,stMLnet
FREM1,ITGB1,stMLnet
FREM2,ITGA8,stMLnet
FREM2,ITGB1,stMLnet
FSHB,FSHR,stMLnet
FST,BMPR1B,stMLnet
FST,BMPR2,stMLnet
FZD8,CKAP4,stMLnet
GAD1,GRM4,stMLnet
GAL,GALR1,stMLnet
GAL,GALR2,stMLnet
GAL,GALR3,stMLnet
GALP,GALR1,stMLnet
GALP,GALR2,stMLnet
GALP,GALR3,stMLnet
GAS6,AXL,stMLnet
GAS6,MERTK,stMLnet
GAST,CCKAR,stMLnet
GAST,CCKBR,stMLnet
GCG,GCGR,stMLnet
GCG,GIPR,stMLnet
GCG,GLP1R,stMLnet
GCG,GLP2R,stMLnet
GDF1,ACVR1,stMLnet
GDF1,ACVR1B,stMLnet
GDF1,ACVR1C,stMLnet
GDF1,ACVR2A,stMLnet
GDF1,ACVR2B,stMLnet
GDF1,BMPR1A,stMLnet
GDF1,BMPR2,stMLnet
GDF1,CFC1,stMLnet
GDF10,ACVR1B,stMLnet
GDF10,ACVR2A,stMLnet
GDF11,ACVR1B,stMLnet
GDF11,ACVR2A,stMLnet
GDF11,ACVR2B,stMLnet
GDF11,TGFBR1,stMLnet
GDF15,TGFBR2,stMLnet
GDF2,ACVR1,stMLnet
GDF2,ACVR2A,stMLnet
GDF2,ACVR2B,stMLnet
GDF2,ACVRL1,stMLnet
GDF2,BMPR2,stMLnet
GDF2,ENG,stMLnet
GDF3,ACVR1B,stMLnet
GDF3,ACVR1C,stMLnet
GDF3,ACVR2A,stMLnet
GDF3,ACVR2B,stMLnet
GDF3,CFC1,stMLnet
GDF3,TDGF1,stMLnet
GDF5,ACVR1,stMLnet
GDF5,ACVR2A,stMLnet
GDF5,ACVR2B,stMLnet
GDF5,BMPR1A,stMLnet
GDF5,BMPR1B,stMLnet
GDF5,BMPR2,stMLnet
GDF5,ROR2,stMLnet
GDF6,ACVR2A,stMLnet
GDF6,ACVR2B,stMLnet
GDF6,BMPR1A,stMLnet
GDF6,BMPR1B,stMLnet
GDF6,BMPR2,stMLnet
GDF7,ACVR2A,stMLnet
GDF7,ACVR2B,stMLnet
GDF7,BMPR1A,stMLnet
GDF7,BMPR1B,stMLnet
GDF7,BMPR2,stMLnet
GDF9,ACVR1B,stMLnet
GDF9,ACVR2A,stMLnet
GDF9,BMPR1A,stMLnet
GDF9,BMPR1B,stMLnet
GDF9,BMPR2,stMLnet
GDF9,TGFBR1,stMLnet
GDNF,EDNRB,stMLnet
GDNF,GFRA1,stMLnet
GDNF,GFRA2,stMLnet
GDNF,RET,stMLnet
GDNF,SLC44A5,stMLnet
GH1,GHR,stMLnet
GH1,PRLR,stMLnet
GH2,GHR,stMLnet
GHRH,GHRHR,stMLnet
GHRH,GHSR,stMLnet
GHRH,VIPR1,stMLnet
GHRH,VIPR2,stMLnet
GHRL,GHSR,stMLnet
GHRL,GPR39,stMLnet
GHRL,MLNR,stMLnet
GIP,DPP4,stMLnet
GIP,GIPR,stMLnet
GIP,INSR,stMLnet
GLG1,SELE,stMLnet
GNAI2,ADCY1,stMLnet
GNAI2,ADCY7,stMLnet
GNAI2,ADCY8,stMLnet
GNAI2,ADCY9,stMLnet
GNAI2,ADORA1,stMLnet
GNAI2,ADRA2A,stMLnet
GNAI2,ADRA2B,stMLnet
GNAI2,AGTR2,stMLnet
GNAI2,C5AR1,stMLnet
GNAI2,CAV1,stMLnet
GNAI2,CCR5,stMLnet
GNAI2,CNR1,stMLnet
GNAI2,CXCR1,stMLnet
GNAI2,CXCR2,stMLnet
GNAI2,CXCR3,stMLnet
GNAI2,EDNRA,stMLnet
GNAI2,EDNRB,stMLnet
GNAI2,EGFR,stMLnet
GNAI2,F2R,stMLnet
GNAI2,FPR1,stMLnet
GNAI2,IGF1R,stMLnet
GNAI2,LHCGR,stMLnet
GNAI2,LPAR3,stMLnet
GNAI2,MTNR1A,stMLnet
GNAI2,MTNR1B,stMLnet
GNAI2,OPRD1,stMLnet
GNAI2,OPRM1,stMLnet
GNAI2,P2RY12,stMLnet
GNAI2,S1PR1,stMLnet
GNAI2,S1PR3,stMLnet
GNAI2,S1PR4,stMLnet
GNAI2,S1PR5,stMLnet
GNAI2,TBXA2R,stMLnet
GNAI2,TSHR,stMLnet
GNAI2,UNC5B,stMLnet
GNAS,ADCY1,stMLnet
GNAS,ADCY7,stMLnet
GNAS,ADCY8,stMLnet
GNAS,ADCY9,stMLnet
GNAS,ADRB2,stMLnet
GNAS,AVPR2,stMLnet
GNAS,CRHR1,stMLnet
GNAS,GCGR,stMLnet
GNAS,GLP1R,stMLnet
GNAS,LHCGR,stMLnet
GNAS,PTGDR,stMLnet
GNAS,TSHR,stMLnet
GNAS,VIPR1,stMLnet
GNB3,GABBR2,stMLnet
GNRH1,GNRHR,stMLnet
GNRH2,GNRHR,stMLnet
GP1BA,ITGAM,stMLnet
GP1BA,ITGB2,stMLnet
GPC3,CD81,stMLnet
GPC3,IGF1R,stMLnet
GPHA2,TSHR,stMLnet
GPHB5,TSHR,stMLnet
GPI,AMFR,stMLnet
GREM1,KDR,stMLnet
GRN,SORT1,stMLnet
GRN,TNFRSF1A,stMLnet
GRN,TNFRSF1B,stMLnet
GRP,BRS3,stMLnet
GRP,GRPR,stMLnet
GRP,NMBR,stMLnet
GUCA2A,GUCY2C,stMLnet
GUCA2B,GUCY2C,stMLnet
GUCA2B,GUCY2D,stMLnet
GZMA,F2R,stMLnet
GZMA,F2RL1,stMLnet
GZMA,F2RL2,stMLnet
GZMA,F2RL3,stMLnet
GZMA,PARD3,stMLnet
GZMB,CHRM3,stMLnet
GZMB,IGF2R,stMLnet
HAS2,CD44,stMLnet
HAS2,HMMR,stMLnet
HAVCR1,CD300LB,stMLnet
HBEGF,CD44,stMLnet
HBEGF,CD82,stMLnet
HBEGF,CD9,stMLnet
HBEGF,EGFR,stMLnet
HBEGF,ERBB2,stMLnet
HBEGF,ERBB4,stMLnet
HBEGF,PRLR,stMLnet
HCRT,HCRTR1,stMLnet
HCRT,HCRTR2,stMLnet
HCRT,NPFFR2,stMLnet
HDC,HRH1,stMLnet
HDC,HRH2,stMLnet
HDC,HRH3,stMLnet
HDC,HRH4,stMLnet
HGF,CD44,stMLnet
HGF,MET,stMLnet
HGF,SDC1,stMLnet
HGF,SDC2,stMLnet
HGF,ST14,stMLnet
HHLA3,CHRM3,stMLnet
HLA-A,APLP2,stMLnet
HLA-A,CD3D,stMLnet
HLA-A,CD3G,stMLnet
HLA-A,CD8A,stMLnet
HLA-A,ERBB2,stMLnet
HLA-A,KIR2DL1,stMLnet
HLA-A,KIR2DL3,stMLnet
HLA-A,KIR3DL1,stMLnet
HLA-A,KIR3DL2,stMLnet
HLA-A,LILRB1,stMLnet
HLA-A,LILRB2,stMLnet
HLA-B,CANX,stMLnet
HLA-B,CD3D,stMLnet
HLA-B,CD3G,stMLnet
HLA-B,KIR2DL3,stMLnet
HLA-B,KIR3DL1,stMLnet
HLA-B,KIR3DL2,stMLnet
HLA-B,KLRD1,stMLnet
HLA-B,LILRB1,stMLnet
HLA-B,LILRB2,stMLnet
HLA-C,CD3D,stMLnet
HLA-C,CD3G,stMLnet
HLA-C,KIR2DL1,stMLnet
HLA-C,KIR2DL3,stMLnet
HLA-C,KIR2DS4,stMLnet
HLA-C,KIR3DL1,stMLnet
HLA-C,LILRA3,stMLnet
HLA-C,LILRB1,stMLnet
HLA-C,LILRB2,stMLnet
HLA-C,NOTCH4,stMLnet
HLA-C,SLC9C2,stMLnet
HLA-DMA,CD4,stMLnet
HLA-DOA,CD4,stMLnet
HLA-DOB,CD4,stMLnet
HLA-DRA,CD4,stMLnet
HLA-DRB1,CD4,stMLnet
HLA-G,CD4,stMLnet
HLA-G,KIR2DL4,stMLnet
HLA-G,KLRC1,stMLnet
HLA-G,KLRD1,stMLnet
HLA-G,LILRB1,stMLnet
HLA-G,LILRB2,stMLnet
HMGB1,HAVCR2,stMLnet
HMGB1,SDC1,stMLnet
HMGB1,THBD,stMLnet
HP,ASGR1,stMLnet
HP,ASGR2,stMLnet
HP,CD163,stMLnet
HP,ITGAM,stMLnet
HP,ITGB2,stMLnet
HRAS,AGTR1,stMLnet
HRAS,CAV1,stMLnet
HRAS,INSR,stMLnet
HRAS,SDC2,stMLnet
HRG,FCGR1A,stMLnet
HSP90AA1,CFTR,stMLnet
HSP90AA1,EGFR,stMLnet
HSP90AA1,FGFR3,stMLnet
HSP90B1,ASGR1,stMLnet
HSP90B1,ERBB2,stMLnet
HSP90B1,LRP1,stMLnet
HSP90B1,TLR1,stMLnet
HSP90B1,TLR2,stMLnet
HSP90B1,TLR4,stMLnet
HSP90B1,TLR7,stMLnet
HSP90B1,TLR9,stMLnet
HSPA1A,GRIN2D,stMLnet
HSPA1A,TLR4,stMLnet
HSPG2,CHRM3,stMLnet
HSPG2,COL13A1,stMLnet
HSPG2,DAG1,stMLnet
HSPG2,ITGA2,stMLnet
HSPG2,ITGB1,stMLnet
HSPG2,PTPRS,stMLnet
HSPG2,SDC1,stMLnet
IAPP,CALCR,stMLnet
IAPP,CALCRL,stMLnet
IAPP,RAMP1,stMLnet
IAPP,RAMP2,stMLnet
IAPP,RAMP3,stMLnet
IBSP,ITGAV,stMLnet
IBSP,ITGB3,stMLnet
IBSP,ITGB5,stMLnet
ICAM1,CAV1,stMLnet
ICAM1,IL2RA,stMLnet
ICAM1,ITGAL,stMLnet
ICAM1,ITGAM,stMLnet
ICAM1,ITGAX,stMLnet
ICAM1,ITGB2,stMLnet
ICAM1,SPN,stMLnet
ICAM2,ITGAL,stMLnet
ICAM2,ITGAM,stMLnet
ICAM2,ITGB2,stMLnet
ICAM3,CD209,stMLnet
ICAM3,CLEC4M,stMLnet
ICAM3,ITGAD,stMLnet
ICAM3,ITGAL,stMLnet
ICAM3,ITGB2,stMLnet
ICAM4,ITGA2B,stMLnet
ICAM4,ITGA4,stMLnet
ICAM4,ITGAL,stMLnet
ICAM4,ITGAM,stMLnet
ICAM4,ITGAV,stMLnet
ICAM4,ITGB1,stMLnet
ICAM4,ITGB2,stMLnet
ICAM4,ITGB3,stMLnet
ICAM5,ITGAL,stMLnet
ICAM5,ITGB2,stMLnet
ICOS,ICOSLG,stMLnet
ICOSLG,CD28,stMLnet
ICOSLG,CTLA4,stMLnet
ICOSLG,ICOS,stMLnet
IFNA1,IFNAR1,stMLnet
IFNA1,IFNAR2,stMLnet
IFNA10,IFNAR1,stMLnet
IFNA10,IFNAR2,stMLnet
IFNA13,IFNAR1,stMLnet
IFNA13,IFNAR2,stMLnet
IFNA14,IFNAR1,stMLnet
IFNA14,IFNAR2,stMLnet
IFNA16,IFNAR1,stMLnet
IFNA16,IFNAR2,stMLnet
IFNA17,IFNAR1,stMLnet
IFNA17,IFNAR2,stMLnet
IFNA2,IFNAR1,stMLnet
IFNA2,IFNAR2,stMLnet
IFNA21,IFNAR1,stMLnet
IFNA21,IFNAR2,stMLnet
IFNA4,IFNAR1,stMLnet
IFNA4,IFNAR2,stMLnet
IFNA5,IFNAR1,stMLnet
IFNA5,IFNAR2,stMLnet
IFNA6,IFNAR1,stMLnet
IFNA6,IFNAR2,stMLnet
IFNA7,IFNAR1,stMLnet
IFNA7,IFNAR2,stMLnet
IFNA8,IFNAR1,stMLnet
IFNA8,IFNAR2,stMLnet
IFNB1,IFNAR1,stMLnet
IFNB1,IFNAR2,stMLnet
IFNE,IFNAR1,stMLnet
IFNE,IFNAR2,stMLnet
IFNG,IFNGR1,stMLnet
IFNG,IFNGR2,stMLnet
IFNK,IFNAR1,stMLnet
IFNK,IFNAR2,stMLnet
IFNL1,IFNLR1,stMLnet
IFNL1,IL10RB,stMLnet
IFNL2,IFNLR1,stMLnet
IFNL2,IL10RB,stMLnet
IFNL3,IFNLR1,stMLnet
IFNL3,IL10RB,stMLnet
IFNL4,IFNLR1,stMLnet
IFNL4,IL10RB,stMLnet
IFNW1,IFNAR1,stMLnet
IFNW1,IFNAR2,stMLnet
IGF1,IGF1R,stMLnet
IGF1,INSR,stMLnet
IGF1,ITGA6,stMLnet
IGF1,ITGAV,stMLnet
IGF1,ITGB3,stMLnet
IGF1,ITGB4,stMLnet
IGF1,TRPV2,stMLnet
IGF2,IGF1R,stMLnet
IGF2,IGF2R,stMLnet
IGF2,INSR,stMLnet
IGF2,ITGA6,stMLnet
IGF2,ITGAV,stMLnet
IGF2,ITGB3,stMLnet
IGF2,ITGB4,stMLnet
IGFBP4,FZD8,stMLnet
IGFBP4,LRP6,stMLnet
IGSF11,VSIR,stMLnet
IHH,BOC,stMLnet
IHH,CDON,stMLnet
IHH,HHIP,stMLnet
IHH,PTCH1,stMLnet
IHH,PTCH2,stMLnet
IHH,SMO,stMLnet
IL10,IL10RA,stMLnet
IL10,IL10RB,stMLnet
IL10,SIRPG,stMLnet
IL11,IL11RA,stMLnet
IL11,IL6ST,stMLnet
IL12A,IL12RB1,stMLnet
IL12A,IL12RB2,stMLnet
IL12B,IL12RB1,stMLnet
IL12B,IL12RB2,stMLnet
IL12B,IL23R,stMLnet
IL13,IL13RA1,stMLnet
IL13,IL13RA2,stMLnet
IL13,IL2RG,stMLnet
IL13,IL4R,stMLnet
IL15,IL15RA,stMLnet
IL15,IL2RA,stMLnet
IL15,IL2RB,stMLnet
IL15,IL2RG,stMLnet
IL16,CCR5,stMLnet
IL16,CD4,stMLnet
IL16,GRIN2D,stMLnet
IL16,KCNJ10,stMLnet
IL16,KCNJ15,stMLnet
IL17A,IL17RA,stMLnet
IL17A,IL17RC,stMLnet
IL17B,IL17RB,stMLnet
IL17C,IL17RA,stMLnet
IL17F,IL17RA,stMLnet
IL17F,IL17RC,stMLnet
IL18,CD48,stMLnet
IL18,IL18R1,stMLnet
IL18,IL18RAP,stMLnet
IL18,IL1RAPL1,stMLnet
IL19,IL20RA,stMLnet
IL19,IL20RB,stMLnet
IL1A,IL1R1,stMLnet
IL1A,IL1R2,stMLnet
IL1A,IL1RAP,stMLnet
IL1B,IL1R1,stMLnet
IL1B,IL1R2,stMLnet
IL1B,IL1RAP,stMLnet
IL1F10,IL1R1,stMLnet
IL1F10,IL1RAP,stMLnet
IL1F10,IL1RL2,stMLnet
IL1RAPL1,PTPRD,stMLnet
IL1RAPL1,PTPRF,stMLnet
IL1RAPL1,PTPRS,stMLnet
IL1RN,IL1R1,stMLnet
IL1RN,IL1R2,stMLnet
IL1RN,IL1RL2,stMLnet
IL2,IL20RA,stMLnet
IL2,IL20RB,stMLnet
IL2,IL2RA,stMLnet
IL2,IL2RB,stMLnet
IL2,IL2RG,stMLnet
IL20,IL20RA,stMLnet
IL20,IL20RB,stMLnet
IL20,IL22RA1,stMLnet
IL21,IL21R,stMLnet
IL21,IL2RG,stMLnet
IL22,IL10RA,stMLnet
IL22,IL10RB,stMLnet
IL22,IL21R,stMLnet
IL22,IL22RA1,stMLnet
IL22,IL22RA2,stMLnet
IL23A,IL12RB1,stMLnet
IL23A,IL23R,stMLnet
IL24,IL20RA,stMLnet
IL24,IL20RB,stMLnet
IL24,IL22RA1,stMLnet
IL25,IL17RA,stMLnet
IL25,IL17RB,stMLnet
IL26,IL10RB,stMLnet
IL26,IL20RA,stMLnet
IL26,IL20RB,stMLnet
IL27,IL27RA,stMLnet
IL27,IL6ST,stMLnet
IL3,CSF2RB,stMLnet
IL3,IL3RA,stMLnet
IL31,IL31RA,stMLnet
IL31,OSMR,stMLnet
IL32,ITGB3,stMLnet
IL33,IL1RAP,stMLnet
IL33,IL1RL1,stMLnet
IL34,CSF1R,stMLnet
IL34,PTPRZ1,stMLnet
IL36A,IL1RAP,stMLnet
IL36A,IL1RL2,stMLnet
IL36B,IL1RAP,stMLnet
IL36B,IL1RL2,stMLnet
IL36G,IL1RAP,stMLnet
IL36G,IL1RL2,stMLnet
IL36RN,IL1RAP,stMLnet
IL36RN,IL1RL2,stMLnet
IL37,IL18R1,stMLnet
IL37,IL18RAP,stMLnet
IL4,IL13RA1,stMLnet
IL4,IL13RA2,stMLnet
IL4,IL2RG,stMLnet
IL4,IL4R,stMLnet
IL5,CSF2RB,stMLnet
IL5,IL5RA,stMLnet
IL6,F3,stMLnet
IL6,IL6R,stMLnet
IL6,IL6ST,stMLnet
IL7,IL2RG,stMLnet
IL7,IL7R,stMLnet
IL8,CD79A,stMLnet
IL8,CXCR1,stMLnet
IL8,CXCR2,stMLnet
IL8,KDR,stMLnet
IL8,SDC1,stMLnet
IL8,SDC2,stMLnet
IL8,SDC3,stMLnet
IL9,IL2RG,stMLnet
IL9,IL9R,stMLnet
INHA,ACVR1,stMLnet
INHA,ACVR1B,stMLnet
INHA,ACVR2A,stMLnet
INHA,ACVR2B,stMLnet
INHA,TGFBR3,stMLnet
INHBA,ACVR1,stMLnet
INHBA,ACVR1B,stMLnet
INHBA,ACVR1C,stMLnet
INHBA,ACVR2A,stMLnet
INHBA,ACVR2B,stMLnet
INHBA,BAMBI,stMLnet
INHBA,ENG,stMLnet
INHBA,TGFBR3,stMLnet
INHBB,ACVR1,stMLnet
INHBB,ACVR1B,stMLnet
INHBB,ACVR1C,stMLnet
INHBB,ACVR2A,stMLnet
INHBB,ACVR2B,stMLnet
INHBB,CFC1,stMLnet
INHBC,ACVR1,stMLnet
INHBC,ACVR1B,stMLnet
INHBC,ACVR1C,stMLnet
INHBC,ACVR2A,stMLnet
INHBC,ACVR2B,stMLnet
INHBE,ACVR1,stMLnet
INHBE,ACVR1B,stMLnet
INHBE,ACVR1C,stMLnet
INHBE,ACVR2A,stMLnet
INHBE,ACVR2B,stMLnet
INHBE,ENG,stMLnet
INS,IGF1R,stMLnet
INS,INSR,stMLnet
INS,LRP2,stMLnet
INSL3,RXFP1,stMLnet
INSL3,RXFP2,stMLnet
INSL3,RXFP3,stMLnet
INSL3,RXFP4,stMLnet
INSL5,RXFP1,stMLnet
INSL5,RXFP2,stMLnet
INSL5,RXFP3,stMLnet
INSL5,RXFP4,stMLnet
ITGA4,VCAM1,stMLnet
ITGA9,VCAM1,stMLnet
ITGAL,CD226,stMLnet
ITGAL,ICAM1,stMLnet
ITGAL,ICAM2,stMLnet
ITGAM,ICAM1,stMLnet
ITGAV,THY1,stMLnet
ITGB1,VCAM1,stMLnet
ITGB2,CD226,stMLnet
ITGB2,ICAM1,stMLnet
ITGB2,ICAM2,stMLnet
ITGB2,THY1,stMLnet
ITGB7,VCAM1,stMLnet
JAM2,F11R,stMLnet
JAM2,ITGA3,stMLnet
JAM2,ITGA4,stMLnet
JAM2,ITGAV,stMLnet
JAM2,ITGB1,stMLnet
JAM2,JAM2,stMLnet
JAM2,JAM3,stMLnet
JAM3,F11R,stMLnet
JAM3,ITGAM,stMLnet
JAM3,ITGB2,stMLnet
JAM3,JAM2,stMLnet
JAM3,JAM3,stMLnet
JAML,CXADR,stMLnet
KAL1,FGFR1,stMLnet
KAL1,SDC2,stMLnet
KIR3DS1,HLA-F,stMLnet
KISS1,KISS1R,stMLnet
KISS1,MMP24,stMLnet
KITLG,KIT,stMLnet
KLK3,NGFR,stMLnet
KLK3,NTRK1,stMLnet
KLRB1,CLEC2D,stMLnet
KLRF1,CLEC2B,stMLnet
KMT2E,NCR2,stMLnet
KNG1,BDKRB1,stMLnet
KNG1,BDKRB2,stMLnet
KNG1,GP1BA,stMLnet
KNG1,ITGAM,stMLnet
KNG1,ITGB2,stMLnet
KNG1,PLAUR,stMLnet
KNG1,RXFP4,stMLnet
KNG1,SDC2,stMLnet
L1CAM,ALCAM,stMLnet
L1CAM,CD9,stMLnet
L1CAM,CNTN1,stMLnet
L1CAM,EGFR,stMLnet
L1CAM,EPHB2,stMLnet
L1CAM,ERBB2,stMLnet
L1CAM,ERBB3,stMLnet
L1CAM,FGFR2,stMLnet
L1CAM,ITGA4,stMLnet
L1CAM,ITGA5,stMLnet
L1CAM,ITGAV,stMLnet
L1CAM,ITGB3,stMLnet
L1CAM,ITGB7,stMLnet
L1CAM,L1CAM,stMLnet
L1CAM,NCAM1,stMLnet
L1CAM,PTPRZ1,stMLnet
LACRT,SDC1,stMLnet
LAMA1,CD44,stMLnet
LAMA1,DAG1,stMLnet
LAMA1,GPC1,stMLnet
LAMA1,ITGA1,stMLnet
LAMA1,ITGA2,stMLnet
LAMA1,ITGA3,stMLnet
LAMA1,ITGA6,stMLnet
LAMA1,ITGA7,stMLnet
LAMA1,ITGA9,stMLnet
LAMA1,ITGAV,stMLnet
LAMA1,ITGB1,stMLnet
LAMA1,ITGB4,stMLnet
LAMA1,ITGB8,stMLnet
LAMA1,RPSA,stMLnet
LAMA1,SDC2,stMLnet
LAMA1,SDC4,stMLnet
LAMA1,SV2A,stMLnet
LAMA1,SV2B,stMLnet
LAMA1,SV2C,stMLnet
LAMA2,CD44,stMLnet
LAMA2,DAG1,stMLnet
LAMA2,ITGA1,stMLnet
LAMA2,ITGA2,stMLnet
LAMA2,ITGA3,stMLnet
LAMA2,ITGA6,stMLnet
LAMA2,ITGA7,stMLnet
LAMA2,ITGA9,stMLnet
LAMA2,ITGAV,stMLnet
LAMA2,ITGB1,stMLnet
LAMA2,ITGB4,stMLnet
LAMA2,ITGB8,stMLnet
LAMA2,RPSA,stMLnet
LAMA2,SV2A,stMLnet
LAMA2,SV2B,stMLnet
LAMA2,SV2C,stMLnet
LAMA3,CD44,stMLnet
LAMA3,DAG1,stMLnet
LAMA3,ITGA1,stMLnet
LAMA3,ITGA2,stMLnet
LAMA3,ITGA3,stMLnet
LAMA3,ITGA6,stMLnet
LAMA3,ITGA7,stMLnet
LAMA3,ITGA9,stMLnet
LAMA3,ITGAV,stMLnet
LAMA3,ITGB1,stMLnet
LAMA3,ITGB4,stMLnet
LAMA3,ITGB8,stMLnet
LAMA3,SDC2,stMLnet
LAMA3,SV2A,stMLnet
LAMA3,SV2B,stMLnet
LAMA3,SV2C,stMLnet
LAMA4,CD44,stMLnet
LAMA4,DAG1,stMLnet
LAMA4,ITGA1,stMLnet
LAMA4,ITGA2,stMLnet
LAMA4,ITGA3,stMLnet
LAMA4,ITGA6,stMLnet
LAMA4,ITGA7,stMLnet
LAMA4,ITGA9,stMLnet
LAMA4,ITGAV,stMLnet
LAMA4,ITGB1,stMLnet
LAMA4,ITGB4,stMLnet
LAMA4,ITGB8,stMLnet
LAMA4,SV2A,stMLnet
LAMA4,SV2B,stMLnet
LAMA4,SV2C,stMLnet
LAMA5,CD44,stMLnet
LAMA5,DAG1,stMLnet
LAMA5,ITGA1,stMLnet
LAMA5,ITGA2,stMLnet
LAMA5,ITGA3,stMLnet
LAMA5,ITGA6,stMLnet
LAMA5,ITGA7,stMLnet
LAMA5,ITGA9,stMLnet
LAMA5,ITGAV,stMLnet
LAMA5,ITGB1,stMLnet
LAMA5,ITGB4,stMLnet
LAMA5,ITGB8,stMLnet
LAMA5,SDC1,stMLnet
LAMA5,SV2A,stMLnet
LAMA5,SV2B,stMLnet
LAMA5,SV2C,stMLnet
LAMB1,CD44,stMLnet
LAMB1,DAG1,stMLnet
LAMB1,ITGA1,stMLnet
LAMB1,ITGA2,stMLnet
LAMB1,ITGA3,stMLnet
LAMB1,ITGA6,stMLnet
LAMB1,ITGA7,stMLnet
LAMB1,ITGA9,stMLnet
LAMB1,ITGAV,stMLnet
LAMB1,ITGB1,stMLnet
LAMB1,ITGB4,stMLnet
LAMB1,ITGB8,stMLnet
LAMB1,SV2A,stMLnet
LAMB1,SV2B,stMLnet
LAMB1,SV2C,stMLnet
LAMB2,CD44,stMLnet
LAMB2,DAG1,stMLnet
LAMB2,ITGA1,stMLnet
LAMB2,ITGA2,stMLnet
LAMB2,ITGA3,stMLnet
LAMB2,ITGA6,stMLnet
LAMB2,ITGA7,stMLnet
LAMB2,ITGA9,stMLnet
LAMB2,ITGAV,stMLnet
LAMB2,ITGB1,stMLnet
LAMB2,ITGB4,stMLnet
LAMB2,ITGB8,stMLnet
LAMB2,RPSA,stMLnet
LAMB2,SV2A,stMLnet
LAMB2,SV2B,stMLnet
LAMB2,SV2C,stMLnet
LAMB3,CD151,stMLnet
LAMB3,CD44,stMLnet
LAMB3,COL17A1,stMLnet
LAMB3,DAG1,stMLnet
LAMB3,ITGA1,stMLnet
LAMB3,ITGA2,stMLnet
LAMB3,ITGA3,stMLnet
LAMB3,ITGA6,stMLnet
LAMB3,ITGA7,stMLnet
LAMB3,ITGA9,stMLnet
LAMB3,ITGAV,stMLnet
LAMB3,ITGB1,stMLnet
LAMB3,ITGB4,stMLnet
LAMB3,ITGB8,stMLnet
LAMB3,SV2A,stMLnet
LAMB3,SV2B,stMLnet
LAMB3,SV2C,stMLnet
LAMC1,CD44,stMLnet
LAMC1,DAG1,stMLnet
LAMC1,ITGA1,stMLnet
LAMC1,ITGA2,stMLnet
LAMC1,ITGA3,stMLnet
LAMC1,ITGA6,stMLnet
LAMC1,ITGA7,stMLnet
LAMC1,ITGA9,stMLnet
LAMC1,ITGAV,stMLnet
LAMC1,ITGB1,stMLnet
LAMC1,ITGB4,stMLnet
LAMC1,ITGB8,stMLnet
LAMC1,SV2A,stMLnet
LAMC1,SV2B,stMLnet
LAMC1,SV2C,stMLnet
LAMC2,CD151,stMLnet
LAMC2,CD44,stMLnet
LAMC2,COL17A1,stMLnet
LAMC2,DAG1,stMLnet
LAMC2,ITGA1,stMLnet
LAMC2,ITGA2,stMLnet
LAMC2,ITGA3,stMLnet
LAMC2,ITGA6,stMLnet
LAMC2,ITGA7,stMLnet
LAMC2,ITGA9,stMLnet
LAMC2,ITGAV,stMLnet
LAMC2,ITGB1,stMLnet
LAMC2,ITGB4,stMLnet
LAMC2,ITGB8,stMLnet
LAMC2,SV2A,stMLnet
LAMC2,SV2B,stMLnet
LAMC2,SV2C,stMLnet
LAMC3,CD44,stMLnet
LAMC3,DAG1,stMLnet
LAMC3,ITGA1,stMLnet
LAMC3,ITGA2,stMLnet
LAMC3,ITGA3,stMLnet
LAMC3,ITGA6,stMLnet
LAMC3,ITGA7,stMLnet
LAMC3,ITGA9,stMLnet
LAMC3,ITGAV,stMLnet
LAMC3,ITGB1,stMLnet
LAMC3,ITGB4,stMLnet
LAMC3,ITGB8,stMLnet
LAMC3,SV2A,stMLnet
LAMC3,SV2B,stMLnet
LAMC3,SV2C,stMLnet
LCN2,LRP2,stMLnet
LEAP2,GHSR,stMLnet
LEFTY2,ACVR2B,stMLnet
LEP,LEPR,stMLnet
LEP,LRP2,stMLnet
LGALS1,ITGB1,stMLnet
LGALS1,PTPRC,stMLnet
LGALS3,LAG3,stMLnet
LGALS3BP,ITGB1,stMLnet
LGALS3BP,VANGL1,stMLnet
LGALS9,CD44,stMLnet
LGALS9,HAVCR2,stMLnet
LGALS9,PTPRC,stMLnet
LGI1,ADAM11,stMLnet
LGI1,ADAM22,stMLnet
LGI1,ADAM23,stMLnet
LGI1,RTN4R,stMLnet
LGI2,ADAM11,stMLnet
LGI2,ADAM22,stMLnet
LGI2,ADAM23,stMLnet
LGI3,ADAM22,stMLnet
LGI3,ADAM23,stMLnet
LGI3,FLOT1,stMLnet
LGI3,STX1A,stMLnet
LGI4,ADAM11,stMLnet
LGI4,ADAM22,stMLnet
LGI4,ADAM23,stMLnet
LHB,LHCGR,stMLnet
LIF,IL6ST,stMLnet
LIF,LIFR,stMLnet
LIN7C,HTR2C,stMLnet
LIN7C,KCNJ4,stMLnet
LIPC,LRP1,stMLnet
LIPH,LPAR1,stMLnet
LIPH,LPAR2,stMLnet
LIPH,LPAR4,stMLnet
LPA,ITGAM,stMLnet
LPA,ITGB2,stMLnet
LPA,LRP2,stMLnet
LPL,CD44,stMLnet
LPL,GPIHBP1,stMLnet
LPL,LRP1,stMLnet
LPL,LRP2,stMLnet
LPL,SDC1,stMLnet
LPL,VLDLR,stMLnet
LRFN3,LRFN3,stMLnet
LRPAP1,LDLR,stMLnet
LRPAP1,LRP1,stMLnet
LRPAP1,LRP2,stMLnet
LRPAP1,LRP8,stMLnet
LRPAP1,SORL1,stMLnet
LRPAP1,SORT1,stMLnet
LRPAP1,VLDLR,stMLnet
LRRC4,NTNG2,stMLnet
LRRC4B,PTPRD,stMLnet
LRRC4B,PTPRF,stMLnet
LRRC4B,PTPRS,stMLnet
LRRC4C,NTNG1,stMLnet
LTA,EDNRA,stMLnet
LTA,LTBR,stMLnet
LTA,TNFRSF14,stMLnet
LTA,TNFRSF1A,stMLnet
LTA,TNFRSF1B,stMLnet
LTBP1,ITGB5,stMLnet
LTBP3,ITGB5,stMLnet
LTF,GP9,stMLnet
LTF,LRP1,stMLnet
LTF,TFRC,stMLnet
LY86,CD180,stMLnet
LYZ,ITGAL,stMLnet
MADCAM1,CD44,stMLnet
MADCAM1,ITGA4,stMLnet
MADCAM1,ITGB7,stMLnet
MAG,MAG,stMLnet
MATN1,ITGA1,stMLnet
MATN1,ITGB1,stMLnet
MATN1,PTPRD,stMLnet
MDK,ALK,stMLnet
MDK,GPC2,stMLnet
MDK,ITGA4,stMLnet
MDK,ITGA6,stMLnet
MDK,ITGB1,stMLnet
MDK,LRP1,stMLnet
MDK,NCL,stMLnet
MDK,NOTCH2,stMLnet
MDK,PTPRB,stMLnet
MDK,PTPRZ1,stMLnet
MDK,SDC1,stMLnet
MDK,SDC2,stMLnet
MDK,SDC3,stMLnet
MDK,SDC4,stMLnet
MELTF,PLG,stMLnet
MFGE8,ITGAV,stMLnet
MFGE8,ITGB3,stMLnet
MFGE8,PDGFRB,stMLnet
MFI2,TFRC,stMLnet
MFNG,NOTCH1,stMLnet
MFNG,NOTCH2,stMLnet
MIA,CDH19,stMLnet
MIA,CDH7,stMLnet
MIF,ACKR3,stMLnet
MIF,CD44,stMLnet
MIF,CD74,stMLnet
MIF,CXCR2,stMLnet
MIF,CXCR4,stMLnet
MLLT4,EPHA7,stMLnet
MLLT4,EPHB2,stMLnet
MLLT4,EPHB3,stMLnet
MLLT4,EPHB6,stMLnet
MLLT4,F11R,stMLnet
MLN,MLNR,stMLnet
MMP1,ITGA2,stMLnet
MMP12,PLAUR,stMLnet
MMP13,LRP1,stMLnet
MMP2,SDC2,stMLnet
MMP7,CD151,stMLnet
MMP7,CD44,stMLnet
MMP7,CDH6,stMLnet
MMP7,ERBB4,stMLnet
MMP9,CD44,stMLnet
MMP9,EPHB2,stMLnet
MMP9,ITGAM,stMLnet
MMP9,ITGB2,stMLnet
MMP9,LRP1,stMLnet
MRC1,PTPRC,stMLnet
MSMP,CCR2,stMLnet
MST1,MST1R,stMLnet
MSTN,ACVR1B,stMLnet
MSTN,ACVR2A,stMLnet
MSTN,ACVR2B,stMLnet
MSTN,TGFBR1,stMLnet
MUC7,SELL,stMLnet
MYOC,FZD1,stMLnet
MYOC,FZD10,stMLnet
MYOC,FZD3,stMLnet
MYOC,FZD4,stMLnet
MYOC,FZD7,stMLnet
NAMPT,INSR,stMLnet
NAMPT,ITGA5,stMLnet
NAMPT,ITGB1,stMLnet
NCAM1,CACNA1C,stMLnet
NCAM1,FGFR1,stMLnet
NCAM1,FGFR2,stMLnet
NCAM1,GFRA1,stMLnet
NCAM1,L1CAM,stMLnet
NCAM1,NCAM1,stMLnet
NCAM1,NCAM2,stMLnet
NCAM1,PTPRA,stMLnet
NCAM1,PTPRZ1,stMLnet
NCAM1,ROBO1,stMLnet
NCAM1,ROBO3,stMLnet
NCAM2,L1CAM,stMLnet
NCAN,CDH2,stMLnet
NCAN,SDC3,stMLnet
NDP,FZD4,stMLnet
NDP,LGR4,stMLnet
NECTIN1,CADM3,stMLnet
NECTIN1,CD96,stMLnet
NECTIN1,NECTIN1,stMLnet
NECTIN1,NECTIN3,stMLnet
NECTIN1,NECTIN4,stMLnet
NECTIN2,CD226,stMLnet
NECTIN2,CD96,stMLnet
NECTIN2,NECTIN2,stMLnet
NECTIN2,NECTIN3,stMLnet
NECTIN2,TIGIT,stMLnet
NECTIN4,NECTIN4,stMLnet
NECTIN4,TIGIT,stMLnet
NEGR1,NEGR1,stMLnet
NELL2,ROBO3,stMLnet
NFASC,CNTN1,stMLnet
NFASC,CNTNAP1,stMLnet
NGF,KIDINS220,stMLnet
NGF,MAGED1,stMLnet
NGF,NGFR,stMLnet
NGF,NTRK1,stMLnet
NGF,SORT1,stMLnet
NID1,COL13A1,stMLnet
NID1,ITGA3,stMLnet
NID1,ITGAV,stMLnet
NID1,ITGB1,stMLnet
NID1,ITGB3,stMLnet
NID1,PTPRF,stMLnet
NID2,COL13A1,stMLnet
NLGN1,NRXN1,stMLnet
NLGN1,NRXN2,stMLnet
NLGN1,NRXN3,stMLnet
NLGN2,NRXN1,stMLnet
NLGN2,NRXN2,stMLnet
NLGN2,NRXN3,stMLnet
NLGN3,NRXN1,stMLnet
NLGN3,NRXN2,stMLnet
NLGN3,NRXN3,stMLnet
NLGN4X,NRXN1,stMLnet
NMB,BRS3,stMLnet
NMB,GRPR,stMLnet
NMB,NMBR,stMLnet
NMS,NMUR1,stMLnet
NMS,NMUR2,stMLnet
NMU,NMUR1,stMLnet
NMU,NMUR2,stMLnet
NODAL,ACVR1B,stMLnet
NODAL,ACVR1C,stMLnet
NODAL,ACVR2A,stMLnet
NODAL,ACVR2B,stMLnet
NODAL,CFC1,stMLnet
NODAL,TDGF1,stMLnet
NOV,NOTCH1,stMLnet
NOV,PLXNA1,stMLnet
NPB,NPBWR1,stMLnet
NPB,NPBWR2,stMLnet
NPFF,MAS1,stMLnet
NPFF,NPFFR1,stMLnet
NPFF,NPFFR2,stMLnet
NPNT,ITGA8,stMLnet
NPNT,ITGB1,stMLnet
NPPA,NPR1,stMLnet
NPPA,NPR2,stMLnet
NPPB,NPR1,stMLnet
NPPB,NPR2,stMLnet
NPPC,NPR2,stMLnet
NPS,NPSR1,stMLnet
NPVF,NPFFR1,stMLnet
NPVF,NPFFR2,stMLnet
NPW,NPBWR1,stMLnet
NPW,NPBWR2,stMLnet
NPY,GPR83,stMLnet
NPY,NPFFR2,stMLnet
NPY,NPY1R,stMLnet
NPY,NPY2R,stMLnet
NPY,NPY4R,stMLnet
NPY,NPY5R,stMLnet
NRG1,ERBB2,stMLnet
NRG1,ERBB3,stMLnet
NRG1,ERBB4,stMLnet
NRG1,GPC1,stMLnet
NRG1,ITGAV,stMLnet
NRG1,ITGB3,stMLnet
NRG2,ERBB2,stMLnet
NRG2,ERBB3,stMLnet
NRG2,ERBB4,stMLnet
NRG3,ERBB2,stMLnet
NRG3,ERBB4,stMLnet
NRG4,EGFR,stMLnet
NRG4,ERBB2,stMLnet
NRG4,ERBB4,stMLnet
NRTN,GFRA1,stMLnet
NRTN,GFRA2,stMLnet
NRTN,RET,stMLnet
NRXN1,NLGN1,stMLnet
NRXN1,NLGN2,stMLnet
NRXN1,NLGN3,stMLnet
NRXN2,NLGN1,stMLnet
NRXN2,NLGN2,stMLnet
NRXN2,NLGN3,stMLnet
NRXN3,NLGN1,stMLnet
NRXN3,NLGN2,stMLnet
NRXN3,NLGN3,stMLnet
NRXN3,NLGN4Y,stMLnet
NTF3,NGFR,stMLnet
NTF3,NTRK1,stMLnet
NTF3,NTRK2,stMLnet
NTF3,NTRK3,stMLnet
NTF4,BEX3,stMLnet
NTF4,NGFR,stMLnet
NTF4,NTRK1,stMLnet
NTF4,NTRK2,stMLnet
NTF4,NTRK3,stMLnet
NTN1,ADORA2B,stMLnet
NTN1,DCC,stMLnet
NTN1,NEO1,stMLnet
NTN1,UNC5A,stMLnet
NTN1,UNC5B,stMLnet
NTN1,UNC5C,stMLnet
NTN1,UNC5D,stMLnet
NTN3,CDON,stMLnet
NTN3,NEO1,stMLnet
NTN4,DCC,stMLnet
NTN4,UNC5A,stMLnet
NTNG1,LRRC4C,stMLnet
NTNG2,LRRC4,stMLnet
NTNG2,LRRC4C,stMLnet
NTRK3,PTPRD,stMLnet
NTRK3,PTPRF,stMLnet
NTRK3,PTPRS,stMLnet
NTS,NGFR,stMLnet
NTS,NTSR1,stMLnet
NTS,NTSR2,stMLnet
NTS,SORT1,stMLnet
NXPH1,NRXN1,stMLnet
NXPH1,NRXN2,stMLnet
NXPH1,NRXN3,stMLnet
NXPH2,NRXN1,stMLnet
NXPH3,NRXN1,stMLnet
NXPH3,NRXN2,stMLnet
NXPH3,NRXN3,stMLnet
OCLN,OCLN,stMLnet
OMG,LINGO1,stMLnet
OMG,NGFR,stMLnet
OMG,RTN4R,stMLnet
OMG,RTN4RL1,stMLnet
OMG,TNFRSF1B,stMLnet
ORM1,CCR5,stMLnet
OSM,IL6ST,stMLnet
OSM,LIFR,stMLnet
OSM,OSMR,stMLnet
OXT,AVPR1A,stMLnet
OXT,AVPR1B,stMLnet
OXT,AVPR2,stMLnet
OXT,OXTR,stMLnet
PAPLN,SIRPA,stMLnet
PCNA,NCR2,stMLnet
PCSK9,VLDLR,stMLnet
PDCD1LG2,PDCD1,stMLnet
PDCD1LG2,RGMB,stMLnet
PDGFA,PDGFRA,stMLnet
PDGFA,PDGFRB,stMLnet
PDGFB,ART1,stMLnet
PDGFB,ITGAV,stMLnet
PDGFB,LRP1,stMLnet
PDGFB,PDGFRA,stMLnet
PDGFB,PDGFRB,stMLnet
PDGFB,S1PR1,stMLnet
PDGFC,FLT1,stMLnet
PDGFC,FLT4,stMLnet
PDGFC,KDR,stMLnet
PDGFC,PDGFRA,stMLnet
PDGFC,PDGFRB,stMLnet
PDGFD,PDGFRA,stMLnet
PDGFD,PDGFRB,stMLnet
PDPN,CLEC1B,stMLnet
PDX1,SLC2A2,stMLnet
PDYN,OPRD1,stMLnet
PDYN,OPRK1,stMLnet
PDYN,OPRL1,stMLnet
PDYN,OPRM1,stMLnet
PECAM1,CD38,stMLnet
PECAM1,PECAM1,stMLnet
PENK,OPRD1,stMLnet
PENK,OPRK1,stMLnet
PENK,OPRL1,stMLnet
PENK,OPRM1,stMLnet
PF4,CXCR3,stMLnet
PF4,FGFR2,stMLnet
PF4,LDLR,stMLnet
PF4,PROCR,stMLnet
PF4,SDC2,stMLnet
PF4,THBD,stMLnet
PF4V1,CXCR3,stMLnet
PGF,FLT1,stMLnet
PGF,NRP1,stMLnet
PGF,NRP2,stMLnet
PGLYRP1,TREM1,stMLnet
PI3,PLD2,stMLnet
PIP,CD4,stMLnet
PIP,NPTN,stMLnet
PKM,CD44,stMLnet
PLA2G10,PLA2R1,stMLnet
PLA2G2A,ITGA4,stMLnet
PLA2G2A,ITGA5,stMLnet
PLA2G2A,ITGAV,stMLnet
PLA2G2A,ITGB1,stMLnet
PLA2G2A,ITGB3,stMLnet
PLAT,ITGAM,stMLnet
PLAT,ITGB2,stMLnet
PLAT,LRP1,stMLnet
PLAU,IGF2R,stMLnet
PLAU,ITGA3,stMLnet
PLAU,ITGA5,stMLnet
PLAU,ITGAM,stMLnet
PLAU,ITGAV,stMLnet
PLAU,ITGB1,stMLnet
PLAU,ITGB2,stMLnet
PLAU,ITGB5,stMLnet
PLAU,LRP1,stMLnet
PLAU,LRP2,stMLnet
PLAU,MRC2,stMLnet
PLAU,PLAUR,stMLnet
PLAU,ST14,stMLnet
PLAU,VLDLR,stMLnet
PLEKHO2,PDGFRB,stMLnet
PLG,F2R,stMLnet
PLG,F2RL1,stMLnet
PLG,F2RL2,stMLnet
PLG,F2RL3,stMLnet
PLG,F3,stMLnet
PLG,FLT1,stMLnet
PLG,ITGA9,stMLnet
PLG,ITGAM,stMLnet
PLG,ITGB1,stMLnet
PLG,ITGB2,stMLnet
PLG,PARD3,stMLnet
PLG,PLAUR,stMLnet
PLTP,ABCA1,stMLnet
PMCH,MCHR1,stMLnet
PMCH,MCHR2,stMLnet
PMCH,MERTK,stMLnet
PNOC,OPRL1,stMLnet
PODXL,SELL,stMLnet
PODXL2,SELL,stMLnet
POMC,MC1R,stMLnet
POMC,MC2R,stMLnet
POMC,MC3R,stMLnet
POMC,MC4R,stMLnet
POMC,MC5R,stMLnet
POMC,OPRD1,stMLnet
POMC,OPRK1,stMLnet
POMC,OPRL1,stMLnet
POMC,OPRM1,stMLnet
POSTN,ITGAV,stMLnet
POSTN,ITGB3,stMLnet
POSTN,ITGB5,stMLnet
PPBP,CXCR1,stMLnet
PPBP,CXCR2,stMLnet
PPY,GPR83,stMLnet
PPY,NPFFR1,stMLnet
PPY,NPFFR2,stMLnet
PPY,NPY1R,stMLnet
PPY,NPY2R,stMLnet
PPY,NPY4R,stMLnet
PPY,NPY5R,stMLnet
PRG4,TLR2,stMLnet
PRG4,TLR4,stMLnet
PRL,PRLR,stMLnet
PRND,RPSA,stMLnet
PROC,ITGAM,stMLnet
PROC,ITGB2,stMLnet
PROC,PROCR,stMLnet
PROC,TEK,stMLnet
PROC,THBD,stMLnet
PROK1,PROKR1,stMLnet
PROK1,PROKR2,stMLnet
PROK2,PROKR1,stMLnet
PROK2,PROKR2,stMLnet
PROS1,AXL,stMLnet
PROS1,MERTK,stMLnet
PRSS1,F2R,stMLnet
PRSS1,F2RL1,stMLnet
PRSS1,F2RL2,stMLnet
PRSS1,F2RL3,stMLnet
PRSS1,PARD3,stMLnet
PRSS2,F2R,stMLnet
PRSS2,F2RL1,stMLnet
PRSS2,F2RL2,stMLnet
PRSS2,F2RL3,stMLnet
PRSS2,PARD3,stMLnet
PRSS3,F2R,stMLnet
PRSS3,F2RL1,stMLnet
PRSS3,F2RL2,stMLnet
PRSS3,F2RL3,stMLnet
PRSS3,PARD3,stMLnet
PSAP,CD1B,stMLnet
PSAP,GPR37,stMLnet
PSAP,GPR37L1,stMLnet
PSAP,LRP1,stMLnet
PSAP,SORT1,stMLnet
PSEN1,CD44,stMLnet
PSEN1,NCSTN,stMLnet
PSEN1,NOTCH1,stMLnet
PSEN1,NOTCH2,stMLnet
PSEN1,NOTCH3,stMLnet
PSEN1,NOTCH4,stMLnet
PSPN,GFRA1,stMLnet
PSPN,GFRA4,stMLnet
PSPN,RET,stMLnet
PSPN,SDC3,stMLnet
PTDSS1,JMJD6,stMLnet
PTDSS1,SCARB1,stMLnet
PTGS2,ALOX5,stMLnet
PTGS2,CAV1,stMLnet
PTGS2,PTGDR2,stMLnet
PTH,PTH1R,stMLnet
PTH,PTH2R,stMLnet
PTH2,PTH1R,stMLnet
PTH2,PTH2R,stMLnet
PTHLH,PTH1R,stMLnet
PTHLH,PTH2R,stMLnet
PTMA,VIPR1,stMLnet
PTN,ALK,stMLnet
PTN,ITGAV,stMLnet
PTN,ITGB3,stMLnet
PTN,NCL,stMLnet
PTN,PLXNB2,stMLnet
PTN,PTPRB,stMLnet
PTN,PTPRS,stMLnet
PTN,PTPRZ1,stMLnet
PTN,SDC1,stMLnet
PTN,SDC2,stMLnet
PTN,SDC3,stMLnet
PTN,SDC4,stMLnet
PTPRK,PTPRK,stMLnet
PTPRM,PTPRM,stMLnet
PTPRZ1,L1CAM,stMLnet
PTPRZ1,NCAM1,stMLnet
PVR,CD226,stMLnet
PVR,CD96,stMLnet
PVR,NECTIN3,stMLnet
PVR,TIGIT,stMLnet
PYY,GPR83,stMLnet
PYY,NPY1R,stMLnet
PYY,NPY2R,stMLnet
PYY,NPY4R,stMLnet
PYY,NPY5R,stMLnet
QDPR,DYSF,stMLnet
QRFP,P2RY14,stMLnet
QRFP,QRFPR,stMLnet
RAET1E,KLRK1,stMLnet
RAET1G,KLRK1,stMLnet
RARRES2,CCRL2,stMLnet
RBP3,NOTCH1,stMLnet
RBP4,STRA6,stMLnet
RELN,ITGA3,stMLnet
RELN,ITGB1,stMLnet
RELN,LRP8,stMLnet
RELN,VLDLR,stMLnet
REN,ASIC3,stMLnet
REN,ATP6AP2,stMLnet
RETN,CAP1,stMLnet
RETN,TLR4,stMLnet
RGMA,BMPR1B,stMLnet
RGMA,BMPR2,stMLnet
RGMA,NEO1,stMLnet
RGMB,BMPR1B,stMLnet
RGMB,BMPR2,stMLnet
RGMB,NEO1,stMLnet
RIMS1,SLC17A7,stMLnet
RIMS1,SLC18A2,stMLnet
RIMS1,SLC18A3,stMLnet
RLN1,RXFP1,stMLnet
RLN1,RXFP2,stMLnet
RLN1,RXFP3,stMLnet
RLN1,RXFP4,stMLnet
RLN2,RXFP1,stMLnet
RLN2,RXFP2,stMLnet
RLN2,RXFP3,stMLnet
RLN3,RXFP1,stMLnet
RLN3,RXFP2,stMLnet
RLN3,RXFP3,stMLnet
RLN3,RXFP4,stMLnet
RNASE2,TLR2,stMLnet
ROBO1,ROBO1,stMLnet
ROBO2,ROBO2,stMLnet
RPH3A,NRXN1,stMLnet
RSPO1,FZD8,stMLnet
RSPO1,LGR4,stMLnet
RSPO1,LGR5,stMLnet
RSPO1,LGR6,stMLnet
RSPO1,LRP6,stMLnet
RSPO1,ZNRF3,stMLnet
RSPO2,LGR4,stMLnet
RSPO2,LGR5,stMLnet
RSPO2,LGR6,stMLnet
RSPO2,RNF43,stMLnet
RSPO2,ZNRF3,stMLnet
RSPO3,FZD8,stMLnet
RSPO3,LGR4,stMLnet
RSPO3,LGR5,stMLnet
RSPO3,LGR6,stMLnet
RSPO3,LRP6,stMLnet
RSPO3,SDC4,stMLnet
RSPO4,LGR4,stMLnet
RSPO4,LGR5,stMLnet
RSPO4,LGR6,stMLnet
RTN4,CNTNAP1,stMLnet
RTN4,GJB2,stMLnet
RTN4,LINGO1,stMLnet
RTN4,NGFR,stMLnet
RTN4,RTN4R,stMLnet
RTN4,RTN4RL1,stMLnet
RTN4,S1PR2,stMLnet
S100A8,TLR4,stMLnet
S100A9,TLR4,stMLnet
SAA1,CD36,stMLnet
SAA1,FPR2,stMLnet
SAA1,SCARB1,stMLnet
SCGB1A1,LRP2,stMLnet
SCGB3A1,MARCO,stMLnet
SCGB3A2,MARCO,stMLnet
SCT,ADCYAP1R1,stMLnet
SCT,SCTR,stMLnet
SCT,VIPR1,stMLnet
SCT,VIPR2,stMLnet
SDC2,PTPRJ,stMLnet
SELPLG,ESAM,stMLnet
SELPLG,ITGAM,stMLnet
SELPLG,ITGB2,stMLnet
SELPLG,SELE,stMLnet
SELPLG,SELL,stMLnet
SELPLG,SELP,stMLnet
SEMA3A,NRP1,stMLnet
SEMA3A,NRP2,stMLnet
SEMA3A,PLXNA1,stMLnet
SEMA3A,PLXNA2,stMLnet
SEMA3A,PLXNA3,stMLnet
SEMA3A,PLXNA4,stMLnet
SEMA3B,NRP1,stMLnet
SEMA3B,NRP2,stMLnet
SEMA3B,PLXNA1,stMLnet
SEMA3B,PLXNA2,stMLnet
SEMA3B,PLXNA3,stMLnet
SEMA3B,PLXNA4,stMLnet
SEMA3C,NRP1,stMLnet
SEMA3C,NRP2,stMLnet
SEMA3C,PLXNA1,stMLnet
SEMA3C,PLXNA2,stMLnet
SEMA3C,PLXNA3,stMLnet
SEMA3C,PLXNA4,stMLnet
SEMA3C,PLXND1,stMLnet
SEMA3D,NRP1,stMLnet
SEMA3D,NRP2,stMLnet
SEMA3D,PLXNA1,stMLnet
SEMA3D,PLXNA2,stMLnet
SEMA3D,PLXNA3,stMLnet
SEMA3D,PLXNA4,stMLnet
SEMA3E,NRP1,stMLnet
SEMA3E,PLXND1,stMLnet
SEMA3F,NRP1,stMLnet
SEMA3F,NRP2,stMLnet
SEMA3F,PLXNA1,stMLnet
SEMA3F,PLXNA2,stMLnet
SEMA3F,PLXNA3,stMLnet
SEMA3F,PLXNA4,stMLnet
SEMA3G,NRP2,stMLnet
SEMA3G,PLXNA1,stMLnet
SEMA3G,PLXNA2,stMLnet
SEMA3G,PLXNA3,stMLnet
SEMA3G,PLXNA4,stMLnet
SEMA4C,PLXNB2,stMLnet
SEMA4D,CD72,stMLnet
SEMA4D,ERBB2,stMLnet
SEMA4D,MET,stMLnet
SEMA4D,PLXNB1,stMLnet
SEMA4D,PLXNB2,stMLnet
SEMA4D,PLXNB3,stMLnet
SEMA5B,PLXNA1,stMLnet
SEMA5B,PLXNA3,stMLnet
SEMA6A,PLXNA2,stMLnet
SEMA6A,PLXNA4,stMLnet
SEMA6B,PLXNA2,stMLnet
SEMA6B,PLXNA4,stMLnet
SERPINA1,LRP1,stMLnet
SERPINC1,GPC1,stMLnet
SERPINC1,LRP1,stMLnet
SERPINC1,SDC2,stMLnet
SERPINE1,ITGAV,stMLnet
SERPINE1,ITGB5,stMLnet
SERPINE1,LRP1,stMLnet
SERPINE1,LRP2,stMLnet
SERPINE1,PLAUR,stMLnet
SERPINE2,LRP1,stMLnet
SERPING1,LRP1,stMLnet
SERPING1,SELE,stMLnet
SERPING1,SELP,stMLnet
SERTAD1,AR,stMLnet
SFRP1,FZD2,stMLnet
SFRP1,FZD6,stMLnet
SFRP2,FZD5,stMLnet
SFTPA1,TLR2,stMLnet
SFTPD,LY96,stMLnet
SFTPD,SIRPA,stMLnet
SFTPD,TLR4,stMLnet
SHANK1,SSTR2,stMLnet
SHH,BOC,stMLnet
SHH,CDON,stMLnet
SHH,GAS1,stMLnet
SHH,GPC5,stMLnet
SHH,HHIP,stMLnet
SHH,LRP2,stMLnet
SHH,PTCH1,stMLnet
SHH,PTCH2,stMLnet
SHH,SMO,stMLnet
SIGLEC1,SPN,stMLnet
SIRPA,CD47,stMLnet
SIRPB2,CD47,stMLnet
SLAMF1,SLAMF1,stMLnet
SLAMF6,SLAMF6,stMLnet
SLIT1,GPC1,stMLnet
SLIT1,ROBO1,stMLnet
SLIT1,ROBO2,stMLnet
SLIT1,SDC1,stMLnet
SLIT2,APP,stMLnet
SLIT2,DCC,stMLnet
SLIT2,GPC1,stMLnet
SLIT2,ROBO1,stMLnet
SLIT2,ROBO2,stMLnet
SLIT2,SDC1,stMLnet
SLIT3,ROBO1,stMLnet
SLIT3,ROBO2,stMLnet
SLITRK1,PTPRD,stMLnet
SLITRK1,PTPRS,stMLnet
SLITRK2,PTPRD,stMLnet
SLITRK2,PTPRS,stMLnet
SLITRK3,PTPRD,stMLnet
SLITRK3,PTPRS,stMLnet
SLITRK5,PTPRD,stMLnet
SLITRK6,PTPRS,stMLnet
SLPI,CD4,stMLnet
SLURP1,CHRNA1,stMLnet
SLURP1,CHRNA10,stMLnet
SLURP1,CHRNA2,stMLnet
SLURP1,CHRNA3,stMLnet
SLURP1,CHRNA4,stMLnet
SLURP1,CHRNA5,stMLnet
SLURP1,CHRNA6,stMLnet
SLURP1,CHRNA7,stMLnet
SLURP1,CHRNA9,stMLnet
SLURP1,CHRNB1,stMLnet
SLURP1,CHRNB2,stMLnet
SLURP1,CHRNB3,stMLnet
SLURP1,CHRNB4,stMLnet
SLURP1,CHRND,stMLnet
SLURP1,CHRNE,stMLnet
SLURP1,CHRNG,stMLnet
SLURP2,CHRNA1,stMLnet
SLURP2,CHRNA10,stMLnet
SLURP2,CHRNA2,stMLnet
SLURP2,CHRNA3,stMLnet
SLURP2,CHRNA4,stMLnet
SLURP2,CHRNA5,stMLnet
SLURP2,CHRNA6,stMLnet
SLURP2,CHRNA7,stMLnet
SLURP2,CHRNA9,stMLnet
SLURP2,CHRNB1,stMLnet
SLURP2,CHRNB2,stMLnet
SLURP2,CHRNB3,stMLnet
SLURP2,CHRNB4,stMLnet
SLURP2,CHRND,stMLnet
SLURP2,CHRNE,stMLnet
SLURP2,CHRNG,stMLnet
SNCA,LAG3,stMLnet
SORBS1,ITGA1,stMLnet
SORBS1,ITGB5,stMLnet
SOST,LRP4,stMLnet
SOST,LRP5,stMLnet
SOST,LRP6,stMLnet
SOSTDC1,LRP4,stMLnet
SOSTDC1,LRP5,stMLnet
SOSTDC1,LRP6,stMLnet
SPINK1,EGFR,stMLnet
SPON1,APP,stMLnet
SPON1,LRP8,stMLnet
SPON2,ITGA4,stMLnet
SPON2,ITGA5,stMLnet
SPON2,ITGAM,stMLnet
SPON2,ITGB1,stMLnet
SPON2,ITGB2,stMLnet
SPP1,CD44,stMLnet
SPP1,ITGA4,stMLnet
SPP1,ITGA5,stMLnet
SPP1,ITGA8,stMLnet
SPP1,ITGA9,stMLnet
SPP1,ITGAV,stMLnet
SPP1,ITGB1,stMLnet
SPP1,ITGB3,stMLnet
SPP1,ITGB5,stMLnet
SPP1,ITGB6,stMLnet
SPX,GALR2,stMLnet
SPX,GALR3,stMLnet
SST,SSTR1,stMLnet
SST,SSTR2,stMLnet
SST,SSTR3,stMLnet
SST,SSTR4,stMLnet
SST,SSTR5,stMLnet
ST6GAL1,CD22,stMLnet
TAC1,TACR1,stMLnet
TAC1,TACR2,stMLnet
TAC1,TACR3,stMLnet
TAC3,TACR1,stMLnet
TAC3,TACR2,stMLnet
TAC3,TACR3,stMLnet
TAC4,TACR1,stMLnet
TAC4,TACR2,stMLnet
TAC4,TACR3,stMLnet
TAFA4,FPR1,stMLnet
TCN1,CD320,stMLnet
TCN2,CNR1,stMLnet
TCN2,LRP2,stMLnet
TCTN1,TMEM67,stMLnet
TDGF1,ACVR1B,stMLnet
TDGF1,ACVR2A,stMLnet
TDGF1,ACVR2B,stMLnet
TDGF1,GPC1,stMLnet
TF,TFR2,stMLnet
TF,TFRC,stMLnet
TFF2,CXCR4,stMLnet
TFF3,ACKR3,stMLnet
TFF3,CXCR4,stMLnet
TFPI,F3,stMLnet
TFPI,LRP1,stMLnet
TFPI,SDC4,stMLnet
TFPI,VLDLR,stMLnet
TG,ASGR1,stMLnet
TG,LRP2,stMLnet
TGFA,EGFR,stMLnet
TGFA,ERBB2,stMLnet
TGFA,ERBB3,stMLnet
TGFA,ERBB4,stMLnet
TGFB1,ACVR1,stMLnet
TGFB1,ACVR1B,stMLnet
TGFB1,ACVR1C,stMLnet
TGFB1,ACVRL1,stMLnet
TGFB1,CAV1,stMLnet
TGFB1,CD109,stMLnet
TGFB1,CXCR4,stMLnet
TGFB1,ENG,stMLnet
TGFB1,ITGAV,stMLnet
TGFB1,ITGB6,stMLnet
TGFB1,ITGB8,stMLnet
TGFB1,SDC2,stMLnet
TGFB1,TGFBR1,stMLnet
TGFB1,TGFBR2,stMLnet
TGFB1,TGFBR3,stMLnet
TGFB2,ACVR1,stMLnet
TGFB2,ACVR1B,stMLnet
TGFB2,ACVR1C,stMLnet
TGFB2,ENG,stMLnet
TGFB2,TGFBR1,stMLnet
TGFB2,TGFBR2,stMLnet
TGFB2,TGFBR3,stMLnet
TGFB3,ACVR1,stMLnet
TGFB3,ACVR1B,stMLnet
TGFB3,ACVR1C,stMLnet
TGFB3,ACVRL1,stMLnet
TGFB3,ENG,stMLnet
TGFB3,TGFBR1,stMLnet
TGFB3,TGFBR2,stMLnet
TGFB3,TGFBR3,stMLnet
TGM2,ITGA4,stMLnet
TGM2,ITGA9,stMLnet
TGM2,ITGB1,stMLnet
TGM2,ITGB3,stMLnet
TGM2,SDC4,stMLnet
TGM2,TBXA2R,stMLnet
THBS1,CD36,stMLnet
THBS1,CD47,stMLnet
THBS1,ITGA2B,stMLnet
THBS1,ITGA3,stMLnet
THBS1,ITGA4,stMLnet
THBS1,ITGA6,stMLnet
THBS1,ITGAV,stMLnet
THBS1,ITGB1,stMLnet
THBS1,ITGB3,stMLnet
THBS1,LRP1,stMLnet
THBS1,PTPRJ,stMLnet
THBS1,SCARB1,stMLnet
THBS1,SDC1,stMLnet
THBS1,SDC4,stMLnet
THBS1,TNFRSF11B,stMLnet
THBS2,CD36,stMLnet
THBS2,CD47,stMLnet
THBS2,ITGA3,stMLnet
THBS2,ITGA4,stMLnet
THBS2,ITGA6,stMLnet
THBS2,ITGAV,stMLnet
THBS2,ITGB1,stMLnet
THBS2,ITGB3,stMLnet
THBS2,NOTCH3,stMLnet
THBS2,NOTCH4,stMLnet
THBS2,SDC1,stMLnet
THBS2,SDC4,stMLnet
THBS3,CD36,stMLnet
THBS3,CD47,stMLnet
THBS3,ITGA3,stMLnet
THBS3,ITGAV,stMLnet
THBS3,ITGB1,stMLnet
THBS3,ITGB3,stMLnet
THBS3,SDC1,stMLnet
THBS3,SDC4,stMLnet
THBS4,CD36,stMLnet
THBS4,CD47,stMLnet
THBS4,ITGA3,stMLnet
THBS4,ITGAV,stMLnet
THBS4,ITGB1,stMLnet
THBS4,ITGB3,stMLnet
THBS4,SDC1,stMLnet
THBS4,SDC4,stMLnet
THPO,MPL,stMLnet
THPO,SIRPB1,stMLnet
THY1,ITGAM,stMLnet
THY1,ITGAV,stMLnet
THY1,ITGAX,stMLnet
THY1,ITGB2,stMLnet
THY1,ITGB3,stMLnet
TIMP1,CD63,stMLnet
TIMP2,ITGA3,stMLnet
TIMP2,ITGB1,stMLnet
TIMP3,AGTR2,stMLnet
TIMP3,KDR,stMLnet
TNC,CNTN1,stMLnet
TNC,EGFR,stMLnet
TNC,ITGA2,stMLnet
TNC,ITGA2B,stMLnet
TNC,ITGA7,stMLnet
TNC,ITGA8,stMLnet
TNC,ITGA9,stMLnet
TNC,ITGAV,stMLnet
TNC,ITGB1,stMLnet
TNC,ITGB3,stMLnet
TNC,ITGB6,stMLnet
TNC,NT5E,stMLnet
TNC,PTPRB,stMLnet
TNC,PTPRZ1,stMLnet
TNC,SDC1,stMLnet
TNC,SDC4,stMLnet
TNF,LTBR,stMLnet
TNF,SLC5A11,stMLnet
TNF,TNFRSF1A,stMLnet
TNF,TNFRSF1B,stMLnet
TNF,TNFRSF21,stMLnet
TNFRSF14,BTLA,stMLnet
TNFRSF14,CD160,stMLnet
TNFRSF4,TNFSF4,stMLnet
TNFSF10,TNFRSF10A,stMLnet
TNFSF10,TNFRSF10B,stMLnet
TNFSF10,TNFRSF10C,stMLnet
TNFSF10,TNFRSF10D,stMLnet
TNFSF10,TNFRSF11B,stMLnet
TNFSF11,TNFRSF11A,stMLnet
TNFSF11,TNFRSF11B,stMLnet
TNFSF12,CD163,stMLnet
TNFSF12,TNFRSF12A,stMLnet
TNFSF13,FAS,stMLnet
TNFSF13,SDC2,stMLnet
TNFSF13,TNFRSF11B,stMLnet
TNFSF13,TNFRSF13B,stMLnet
TNFSF13,TNFRSF14,stMLnet
TNFSF13,TNFRSF17,stMLnet
TNFSF13,TNFRSF1A,stMLnet
TNFSF13B,TNFRSF13B,stMLnet
TNFSF13B,TNFRSF13C,stMLnet
TNFSF13B,TNFRSF17,stMLnet
TNFSF14,LTBR,stMLnet
TNFSF14,TNFRSF14,stMLnet
TNFSF14,TNFRSF6B,stMLnet
TNFSF15,TNFRSF25,stMLnet
TNFSF15,TNFRSF6B,stMLnet
TNFSF18,TNFRSF18,stMLnet
TNFSF9,TNFRSF9,stMLnet
TNN,ITGA2B,stMLnet
TNN,ITGA8,stMLnet
TNN,ITGA9,stMLnet
TNN,ITGAV,stMLnet
TNN,ITGB1,stMLnet
TNN,ITGB3,stMLnet
TNN,ITGB6,stMLnet
TNN,SDC1,stMLnet
TNN,SDC4,stMLnet
TNR,ITGA2B,stMLnet
TNR,ITGA8,stMLnet
TNR,ITGA9,stMLnet
TNR,ITGAV,stMLnet
TNR,ITGB1,stMLnet
TNR,ITGB3,stMLnet
TNR,ITGB6,stMLnet
TNR,SDC1,stMLnet
TNR,SDC4,stMLnet
TNXB,ITGA2B,stMLnet
TNXB,ITGA8,stMLnet
TNXB,ITGA9,stMLnet
TNXB,ITGAV,stMLnet
TNXB,ITGB1,stMLnet
TNXB,ITGB3,stMLnet
TNXB,ITGB6,stMLnet
TNXB,SDC1,stMLnet
TNXB,SDC4,stMLnet
TOR2A,ATP5F1B,stMLnet
TPH1,HTR1A,stMLnet
TPH1,HTR1B,stMLnet
TPH1,HTR1D,stMLnet
TPH1,HTR1E,stMLnet
TPH1,HTR1F,stMLnet
TPH1,HTR2A,stMLnet
TPH1,HTR2B,stMLnet
TPH1,HTR2C,stMLnet
TPH1,HTR4,stMLnet
TPH1,HTR5A,stMLnet
TPH1,HTR6,stMLnet
TPH1,HTR7,stMLnet
TRH,TRHR,stMLnet
TSHB,TSHR,stMLnet
TSLP,CRLF2,stMLnet
TSLP,IL7R,stMLnet
UBA52,ACVR1,stMLnet
UBA52,AGTR1,stMLnet
UBA52,BMPR1B,stMLnet
UBA52,EGFR,stMLnet
UBA52,ERBB2,stMLnet
UBA52,FSHR,stMLnet
UBA52,NOTCH1,stMLnet
UBA52,TGFBR1,stMLnet
UBA52,TGFBR2,stMLnet
UCN,CRHR1,stMLnet
UCN,CRHR2,stMLnet
UCN2,CRHR1,stMLnet
UCN2,CRHR2,stMLnet
UCN2,IL10RB,stMLnet
UCN3,CRHR1,stMLnet
UCN3,CRHR2,stMLnet
UCN3,IL10RB,stMLnet
ULBP1,HCST,stMLnet
ULBP1,KLRK1,stMLnet
ULBP2,KLRK1,stMLnet
UTS2,UTS2R,stMLnet
UTS2B,SSTR5,stMLnet
UTS2B,UTS2R,stMLnet
VASP,CXCR2,stMLnet
VCAM1,ITGA4,stMLnet
VCAM1,ITGA9,stMLnet
VCAM1,ITGAD,stMLnet
VCAM1,ITGB1,stMLnet
VCAM1,ITGB2,stMLnet
VCAM1,ITGB7,stMLnet
VCAN,CD44,stMLnet
VCAN,EGFR,stMLnet
VCAN,ITGB1,stMLnet
VCAN,SELL,stMLnet
VCAN,SELP,stMLnet
VCAN,TLR1,stMLnet
VCAN,TLR2,stMLnet
VEGFA,EGFR,stMLnet
VEGFA,FLT1,stMLnet
VEGFA,GPC1,stMLnet
VEGFA,ITGA9,stMLnet
VEGFA,ITGAV,stMLnet
VEGFA,ITGB1,stMLnet
VEGFA,KDR,stMLnet
VEGFA,NRP1,stMLnet
VEGFA,NRP2,stMLnet
VEGFA,RET,stMLnet
VEGFA,SIRPA,stMLnet
VEGFB,FLT1,stMLnet
VEGFB,NRP1,stMLnet
VEGFB,RET,stMLnet
VEGFC,FLT1,stMLnet
VEGFC,FLT4,stMLnet
VEGFC,ITGA9,stMLnet
VEGFC,ITGB1,stMLnet
VEGFC,KDR,stMLnet
VEGFC,LYVE1,stMLnet
VEGFC,NRP2,stMLnet
VEGFC,VIPR2,stMLnet
VEGFD,FLT4,stMLnet
VEGFD,ITGA9,stMLnet
VEGFD,KDR,stMLnet
VEGFD,NRP2,stMLnet
VIM,CD44,stMLnet
VIP,ADCYAP1R1,stMLnet
VIP,SCTR,stMLnet
VIP,VIPR1,stMLnet
VIP,VIPR2,stMLnet
VSIR,IGSF11,stMLnet
VTN,CD47,stMLnet
VTN,ITGA2B,stMLnet
VTN,ITGA3,stMLnet
VTN,ITGA5,stMLnet
VTN,ITGA8,stMLnet
VTN,ITGAV,stMLnet
VTN,ITGB1,stMLnet
VTN,ITGB3,stMLnet
VTN,ITGB5,stMLnet
VTN,ITGB6,stMLnet
VTN,ITGB8,stMLnet
VTN,KDR,stMLnet
VTN,PLAUR,stMLnet
VTN,PVR,stMLnet
VTN,TNFRSF11B,stMLnet
VWF,GP1BA,stMLnet
VWF,GP1BB,stMLnet
VWF,GP5,stMLnet
VWF,GP9,stMLnet
VWF,ITGA2B,stMLnet
VWF,ITGAV,stMLnet
VWF,ITGB3,stMLnet
VWF,SELP,stMLnet
VWF,SIRPA,stMLnet
VWF,TNFRSF11B,stMLnet
WNT1,FZD1,stMLnet
WNT1,FZD10,stMLnet
WNT1,FZD2,stMLnet
WNT1,FZD3,stMLnet
WNT1,FZD4,stMLnet
WNT1,FZD5,stMLnet
WNT1,FZD6,stMLnet
WNT1,FZD7,stMLnet
WNT1,FZD8,stMLnet
WNT1,FZD9,stMLnet
WNT1,LRP5,stMLnet
WNT1,LRP6,stMLnet
WNT1,ROR2,stMLnet
WNT1,RYK,stMLnet
WNT10A,FZD1,stMLnet
WNT10A,FZD10,stMLnet
WNT10A,FZD2,stMLnet
WNT10A,FZD3,stMLnet
WNT10A,FZD4,stMLnet
WNT10A,FZD5,stMLnet
WNT10A,FZD6,stMLnet
WNT10A,FZD7,stMLnet
WNT10A,FZD8,stMLnet
WNT10A,FZD9,stMLnet
WNT10A,LRP5,stMLnet
WNT10A,LRP6,stMLnet
WNT10B,FZD1,stMLnet
WNT10B,FZD10,stMLnet
WNT10B,FZD2,stMLnet
WNT10B,FZD3,stMLnet
WNT10B,FZD4,stMLnet
WNT10B,FZD5,stMLnet
WNT10B,FZD6,stMLnet
WNT10B,FZD7,stMLnet
WNT10B,FZD8,stMLnet
WNT10B,FZD9,stMLnet
WNT10B,LRP5,stMLnet
WNT10B,LRP6,stMLnet
WNT11,FZD1,stMLnet
WNT11,FZD10,stMLnet
WNT11,FZD2,stMLnet
WNT11,FZD3,stMLnet
WNT11,FZD4,stMLnet
WNT11,FZD5,stMLnet
WNT11,FZD6,stMLnet
WNT11,FZD7,stMLnet
WNT11,FZD8,stMLnet
WNT11,FZD9,stMLnet
WNT16,FZD1,stMLnet
WNT16,FZD10,stMLnet
WNT16,FZD2,stMLnet
WNT16,FZD3,stMLnet
WNT16,FZD4,stMLnet
WNT16,FZD5,stMLnet
WNT16,FZD6,stMLnet
WNT16,FZD7,stMLnet
WNT16,FZD8,stMLnet
WNT16,FZD9,stMLnet
WNT16,LRP5,stMLnet
WNT16,LRP6,stMLnet
WNT2,FZD1,stMLnet
WNT2,FZD10,stMLnet
WNT2,FZD2,stMLnet
WNT2,FZD3,stMLnet
WNT2,FZD4,stMLnet
WNT2,FZD5,stMLnet
WNT2,FZD6,stMLnet
WNT2,FZD7,stMLnet
WNT2,FZD8,stMLnet
WNT2,FZD9,stMLnet
WNT2,LRP5,stMLnet
WNT2,LRP6,stMLnet
WNT2B,FZD1,stMLnet
WNT2B,FZD10,stMLnet
WNT2B,FZD2,stMLnet
WNT2B,FZD3,stMLnet
WNT2B,FZD4,stMLnet
WNT2B,FZD5,stMLnet
WNT2B,FZD6,stMLnet
WNT2B,FZD7,stMLnet
WNT2B,FZD8,stMLnet
WNT2B,FZD9,stMLnet
WNT2B,LRP5,stMLnet
WNT2B,LRP6,stMLnet
WNT3,FZD1,stMLnet
WNT3,FZD10,stMLnet
WNT3,FZD2,stMLnet
WNT3,FZD3,stMLnet
WNT3,FZD4,stMLnet
WNT3,FZD5,stMLnet
WNT3,FZD6,stMLnet
WNT3,FZD7,stMLnet
WNT3,FZD8,stMLnet
WNT3,FZD9,stMLnet
WNT3,LRP5,stMLnet
WNT3,LRP6,stMLnet
WNT3,RYK,stMLnet
WNT3A,ATP6AP2,stMLnet
WNT3A,FZD1,stMLnet
WNT3A,FZD10,stMLnet
WNT3A,FZD2,stMLnet
WNT3A,FZD3,stMLnet
WNT3A,FZD4,stMLnet
WNT3A,FZD5,stMLnet
WNT3A,FZD6,stMLnet
WNT3A,FZD7,stMLnet
WNT3A,FZD8,stMLnet
WNT3A,FZD9,stMLnet
WNT3A,LRP1,stMLnet
WNT3A,LRP5,stMLnet
WNT3A,LRP6,stMLnet
WNT3A,RYK,stMLnet
WNT4,FZD1,stMLnet
WNT4,FZD10,stMLnet
WNT4,FZD2,stMLnet
WNT4,FZD3,stMLnet
WNT4,FZD4,stMLnet
WNT4,FZD5,stMLnet
WNT4,FZD6,stMLnet
WNT4,FZD7,stMLnet
WNT4,FZD8,stMLnet
WNT4,FZD9,stMLnet
WNT4,LRP5,stMLnet
WNT4,LRP6,stMLnet
WNT5A,FZD1,stMLnet
WNT5A,FZD10,stMLnet
WNT5A,FZD2,stMLnet
WNT5A,FZD3,stMLnet
WNT5A,FZD4,stMLnet
WNT5A,FZD5,stMLnet
WNT5A,FZD6,stMLnet
WNT5A,FZD7,stMLnet
WNT5A,FZD8,stMLnet
WNT5A,FZD9,stMLnet
WNT5A,LRP5,stMLnet
WNT5A,ROR1,stMLnet
WNT5A,ROR2,stMLnet
WNT5A,RYK,stMLnet
WNT5B,FZD1,stMLnet
WNT5B,FZD10,stMLnet
WNT5B,FZD2,stMLnet
WNT5B,FZD3,stMLnet
WNT5B,FZD4,stMLnet
WNT5B,FZD5,stMLnet
WNT5B,FZD6,stMLnet
WNT5B,FZD7,stMLnet
WNT5B,FZD8,stMLnet
WNT5B,FZD9,stMLnet
WNT6,FZD1,stMLnet
WNT6,FZD10,stMLnet
WNT6,FZD2,stMLnet
WNT6,FZD3,stMLnet
WNT6,FZD4,stMLnet
WNT6,FZD5,stMLnet
WNT6,FZD6,stMLnet
WNT6,FZD7,stMLnet
WNT6,FZD8,stMLnet
WNT6,FZD9,stMLnet
WNT6,LRP5,stMLnet
WNT6,LRP6,stMLnet
WNT7A,FZD1,stMLnet
WNT7A,FZD10,stMLnet
WNT7A,FZD2,stMLnet
WNT7A,FZD3,stMLnet
WNT7A,FZD4,stMLnet
WNT7A,FZD5,stMLnet
WNT7A,FZD6,stMLnet
WNT7A,FZD7,stMLnet
WNT7A,FZD8,stMLnet
WNT7A,FZD9,stMLnet
WNT7A,LRP5,stMLnet
WNT7A,LRP6,stMLnet
WNT7B,FZD1,stMLnet
WNT7B,FZD10,stMLnet
WNT7B,FZD2,stMLnet
WNT7B,FZD3,stMLnet
WNT7B,FZD4,stMLnet
WNT7B,FZD5,stMLnet
WNT7B,FZD6,stMLnet
WNT7B,FZD7,stMLnet
WNT7B,FZD8,stMLnet
WNT7B,FZD9,stMLnet
WNT7B,LRP5,stMLnet
WNT7B,LRP6,stMLnet
WNT8A,FZD1,stMLnet
WNT8A,FZD10,stMLnet
WNT8A,FZD2,stMLnet
WNT8A,FZD3,stMLnet
WNT8A,FZD4,stMLnet
WNT8A,FZD5,stMLnet
WNT8A,FZD6,stMLnet
WNT8A,FZD7,stMLnet
WNT8A,FZD8,stMLnet
WNT8A,FZD9,stMLnet
WNT8A,LRP5,stMLnet
WNT8A,LRP6,stMLnet
WNT8B,FZD1,stMLnet
WNT8B,FZD10,stMLnet
WNT8B,FZD2,stMLnet
WNT8B,FZD3,stMLnet
WNT8B,FZD4,stMLnet
WNT8B,FZD5,stMLnet
WNT8B,FZD6,stMLnet
WNT8B,FZD7,stMLnet
WNT8B,FZD8,stMLnet
WNT8B,FZD9,stMLnet
WNT8B,LRP5,stMLnet
WNT8B,LRP6,stMLnet
WNT9A,FZD1,stMLnet
WNT9A,FZD10,stMLnet
WNT9A,FZD2,stMLnet
WNT9A,FZD3,stMLnet
WNT9A,FZD4,stMLnet
WNT9A,FZD5,stMLnet
WNT9A,FZD6,stMLnet
WNT9A,FZD7,stMLnet
WNT9A,FZD8,stMLnet
WNT9A,FZD9,stMLnet
WNT9A,LRP5,stMLnet
WNT9A,LRP6,stMLnet
WNT9B,FZD1,stMLnet
WNT9B,FZD10,stMLnet
WNT9B,FZD2,stMLnet
WNT9B,FZD3,stMLnet
WNT9B,FZD4,stMLnet
WNT9B,FZD5,stMLnet
WNT9B,FZD6,stMLnet
WNT9B,FZD7,stMLnet
WNT9B,FZD8,stMLnet
WNT9B,FZD9,stMLnet
WNT9B,LRP5,stMLnet
WNT9B,LRP6,stMLnet
XCL1,XCR1,stMLnet
XCL2,XCR1,stMLnet
YBX1,NOTCH1,stMLnet
ZG16B,CXCR4,stMLnet
ZG16B,TLR2,stMLnet
ZG16B,TLR4,stMLnet
ZG16B,TLR5,stMLnet
ZG16B,TLR6,stMLnet
ZP3,CHRNA7,stMLnet
ZP3,EGFR,stMLnet
ZP3,MERTK,stMLnet
IL12,IL12 receptor,stMLnet
Activin ligand ab,ACVR_1B2A receptor,stMLnet
Activin ligand ab,ACVR_1A2A receptor,stMLnet
IL23,IL23 receptor,stMLnet
Activin ligand ab,ACVR_1B2B receptor,stMLnet
Activin ligand ab,ACVR_1C2A receptor,stMLnet
Activin ligand ab,ACVR_1A2B receptor,stMLnet
IL27,IL27 receptor,stMLnet
IL17 AF,IL17 receptor AC,stMLnet
Activin ligand ab,ACVR_1C2B receptor,stMLnet
IL35,IL35 receptor,stMLnet
INHBB,ACVR_1C2A receptor,stMLnet
IL1B,IL1 receptor inhibitor,stMLnet
IL4,IL13 receptor,stMLnet
BMP4,BMPR1B_BMPR2,stMLnet
BMP4,BMR1A_ACR2A,stMLnet
BMP8A,BMR1B_AVR2A,stMLnet
VWF,Glycoprotein Ib  complex,stMLnet
GDF2,ACVL1_BMPR2,stMLnet
BMP8A,BMR1A_AVR2B,stMLnet
BMP5,BMR1B_AVR2A,stMLnet
CSF2,GMCSFR,stMLnet
BMP6,BMR1A_ACR2A,stMLnet
GDF7,BMPR1B_BMPR2,stMLnet
GDF6,BMR1B_AVR2B,stMLnet
BMP7,ACVR_1A2B receptor,stMLnet
INHBB,ACVR_1B2A receptor,stMLnet
BMP2,BMPR1B_BMPR2,stMLnet
BMP4,BMR1B_AVR2A,stMLnet
BMP6,ACVR_1A2B receptor,stMLnet
BMP5,BMPR1B_BMPR2,stMLnet
F2,Glycoprotein Ib  complex,stMLnet
IL3,IL3 receptor,stMLnet
IL26,IL26 receptor,stMLnet
GDF5,BMR1A_AVR2B,stMLnet
GDF11,ACVR_1B2B receptor,stMLnet
BMP8A,BMR1B_AVR2B,stMLnet
NODAL,NODAL receptor,stMLnet
IL37,IL37 receptor,stMLnet
IL25,IL17 receptor AB,stMLnet
BMP7,ACVR_1A2A receptor,stMLnet
BMP5,BMPR1A_BMPR2,stMLnet
BMP5,BMR1A_ACR2A,stMLnet
BMP8A,BMPR1B_BMPR2,stMLnet
INHBB,ACVR_1A2B receptor,stMLnet
IL36RN,IL36 receptor,stMLnet
GDF6,BMR1A_ACR2A,stMLnet
IL1F10,IL36 receptor,stMLnet
IL10,IL10 receptor,stMLnet
INHBA,ACVR_1A2B receptor,stMLnet
IL17A,IL17 receptor AC,stMLnet
GDF11,ACVR_1B2A receptor,stMLnet
INHBA,ACVR_1B2A receptor,stMLnet
IL1B,IL1 receptor,stMLnet
GDF6,BMR1A_AVR2B,stMLnet
IL24,IL20 receptor Type I,stMLnet
IL17F,IL17 receptor AC,stMLnet
GDF7,BMR1B_AVR2B,stMLnet
GDF7,BMR1A_ACR2A,stMLnet
BMP2,BMR1B_AVR2B,stMLnet
BMP7,BMPR1A_BMPR2,stMLnet
IL1A,IL1 receptor,stMLnet
IL6,IL6 receptor,stMLnet
IL19,IL20 receptor Type I,stMLnet
VEGFA,FLT1 complex,stMLnet
GDF5,BMR1B_AVR2A,stMLnet
IL9,IL9 receptor,stMLnet
GDF10,ACVR_1B2B receptor,stMLnet
IL15,IL15 receptor,stMLnet
GDF5,BMPR1B_BMPR2,stMLnet
INHBB,ACVR_1A2A receptor,stMLnet
PGF,FLT1 complex,stMLnet
BMP2,BMR1A_ACR2A,stMLnet
AMH,MIS receptor 1,stMLnet
BMP6,BMR1A_AVR2B,stMLnet
VEGFB,FLT1 complex,stMLnet
BMP7,BMPR1B_BMPR2,stMLnet
IL1RN,IL1 receptor inhibitor,stMLnet
INHBB,ACVR_1B2B receptor,stMLnet
BMP8A,ACVR_1A2B receptor,stMLnet
GDF5,BMR1B_AVR2B,stMLnet
BMP2,BMR1B_AVR2A,stMLnet
BMP7,BMR1B_AVR2B,stMLnet
BMP7,ACVR1_BMPR2,stMLnet
BMP8A,BMPR1A_BMPR2,stMLnet
INHBA,ACVR_1A2A receptor,stMLnet
BMP6,BMR1B_AVR2A,stMLnet
INHBA,ACVR_1C2A receptor,stMLnet
IL18,IL18 receptor,stMLnet
GDF5,BMPR1A_BMPR2,stMLnet
RAET1E,NKG2D II receptor,stMLnet
MSTN,ACVR_1B2A receptor,stMLnet
ULBP2,NKG2D II receptor,stMLnet
IL2,IL2 receptor_I,stMLnet
INHBB,ACVR_1C2B receptor,stMLnet
IFNL3,IL28 receptor,stMLnet
IL36B,IL36 receptor,stMLnet
RAET1G,NKG2D II receptor,stMLnet
IL22,IL22 receptor,stMLnet
BMP15,BMPR1B_BMPR2,stMLnet
BMP10,ACVL1_BMPR2,stMLnet
SEMA3A,PlexinA3_complex1,stMLnet
SEMA3A,PlexinA4_complex1,stMLnet
IL20,IL20 receptor Type I,stMLnet
IL7,IL7 receptor,stMLnet
IL1A,IL1 receptor inhibitor,stMLnet
MSTN,ACVR_1B2B receptor,stMLnet
BMP8A,ACVR1_BMPR2,stMLnet
CNTF,CNTF-1R,stMLnet
GDF3,ACVR_1B2B receptor,stMLnet
INHBA,ACVR_1C2B receptor,stMLnet
GDF6,BMPR1A_BMPR2,stMLnet
IL17C,IL17 receptor AE,stMLnet
PDGFD,PDGFR complex,stMLnet
BMP4,BMR1A_AVR2B,stMLnet
GDF7,BMR1B_AVR2A,stMLnet
BMP2,BMR1A_AVR2B,stMLnet
BMP5,BMR1B_AVR2B,stMLnet
BMP8A,BMR1A_ACR2A,stMLnet
BMP6,BMR1B_AVR2B,stMLnet
INHBA,ACVR_1B2B receptor,stMLnet
BMP6,ACVR1_BMPR2,stMLnet
IL33,IL33 receptor,stMLnet
GDF6,BMPR1B_BMPR2,stMLnet
BMP3,ACVR_1B2A receptor,stMLnet
BMP7,BMR1A_AVR2B,stMLnet
ALB,FcRn complex,stMLnet
BMP5,BMR1A_AVR2B,stMLnet
BMP8A,ACVR_1A2A receptor,stMLnet
IL24,IL20 receptor Type II,stMLnet
GDF7,BMPR1A_BMPR2,stMLnet
SEMA3A,PlexinA2_complex1,stMLnet
BMP7,BMR1A_ACR2A,stMLnet
IL2,IL2 receptor_HA,stMLnet
AMH,MIS receptor 3,stMLnet
GDF6,BMR1B_AVR2A,stMLnet
IL36G,IL36 receptor,stMLnet
GDF5,BMR1A_ACR2A,stMLnet
IL11,IL11 receptor,stMLnet
IL1RN,IL1 receptor,stMLnet
BMP7,BMR1B_AVR2A,stMLnet
BMP5,ACVR1_BMPR2,stMLnet
BMP2,BMPR1A_BMPR2,stMLnet
GDF7,BMR1A_AVR2B,stMLnet
BMP4,BMPR1A_BMPR2,stMLnet
SEMA3A,PlexinA1_complex3,stMLnet
GDF1,ACVR_1B2B receptor,stMLnet
IL21,IL21 receptor,stMLnet
IL20,IL20 receptor Type II,stMLnet
BMP4,BMR1B_AVR2B,stMLnet
CLCF1,CNTF-1R,stMLnet
BMP5,ACVR_1A2A receptor,stMLnet
IL13,IL13 receptor,stMLnet
BMP6,BMPR1B_BMPR2,stMLnet
IL36A,IL36 receptor,stMLnet
AMH,MIS receptor 2,stMLnet
BMP6,BMPR1A_BMPR2,stMLnet
IL5,IL5 receptor,stMLnet
IL4,IL4 receptor,stMLnet
BMP5,ACVR_1A2B receptor,stMLnet
BMP6,ACVR_1A2A receptor,stMLnet
GDF11,TGFR_AVR2A,stMLnet
NRTN,RET receptor 2,stMLnet
TGFB3,TGFbeta receptor2,stMLnet
GDNF,RET receptor 1,stMLnet
GDF11,TGFR_AVR2B,stMLnet
MSTN,TGFR_AVR2A,stMLnet
ARTN,RET receptor 3,stMLnet
TGFB2,TGFbeta receptor2,stMLnet
PDGFB,PDGFR complex,stMLnet
TGFB2,TGFbeta receptor1,stMLnet
IFNA1,Type I IFNR,stMLnet
IFNL2,Type III IFNR,stMLnet
IFNA10,Type I IFNR,stMLnet
IFNA17,Type I IFNR,stMLnet
IFNL1,Type III IFNR,stMLnet
IFNE,Type I IFNR,stMLnet
MSTN,TGFR_AVR2B,stMLnet
TSLP,TSLPR,stMLnet
IFNB1,Type I IFNR,stMLnet
IFNA5,Type I IFNR,stMLnet
TGFB1,TGFbeta receptor2,stMLnet
TGFB1,TGFbeta receptor1,stMLnet
IFNA8,Type I IFNR,stMLnet
IFNG,Type II IFNR,stMLnet
IFNA21,Type I IFNR,stMLnet
IFNA14,Type I IFNR,stMLnet
IFNA16,Type I IFNR,stMLnet
IFNA2,Type I IFNR,stMLnet
IFNA7,Type I IFNR,stMLnet
PSPN,RET receptor 4,stMLnet
IFNA6,Type I IFNR,stMLnet
IFNK,Type I IFNR,stMLnet
TGFB3,TGFbeta receptor1,stMLnet
IFNW1,Type I IFNR,stMLnet
ARTN,RET receptor 1,stMLnet
IFNA4,Type I IFNR,stMLnet
IFNL3,Type III IFNR,stMLnet
GDF9,TGFR_BMPR2,stMLnet
IFNA8,GPR152,stMLnet
CER1,MRC2,stMLnet
LGALS9,SLC1A5,stMLnet
FASLG,TNFRSF10B,stMLnet
IL13,TMEM219,stMLnet
CCL4,GPRC5D,stMLnet
NAMPT,ADORA2A,stMLnet
IGFL1,IGFLR1,stMLnet
ADIPOQ,CNR2,stMLnet
GDF1,HTR4,stMLnet
BMP10,KIR3DL1,stMLnet
CCL4L2,FFAR2,stMLnet
FAM3C,FFAR2,stMLnet
LGALS9,CD47,stMLnet
IGF2,GPR152,stMLnet
BMP2,SMO,stMLnet
TNFSF9,IL13RA2,stMLnet
TFF1,FCRL4,stMLnet
CCL4L2,GPR42,stMLnet
VEGFA,EPHB2,stMLnet
XCL1,ADGRV1,stMLnet
NPPB,NPR3,stMLnet
BMP10,KIR2DL3,stMLnet
PRL,HLA-DQB2,stMLnet
CCL4,GPR152,stMLnet
IFNA1,CR2,stMLnet
IL37,IL1RAPL1,stMLnet
TNFSF9,HLA-DPA1,stMLnet
FAM3C,GLRA2,stMLnet
FAM3C,CLEC2D,stMLnet
MIF,TNFRSF14,stMLnet
FAM3C,KIR2DL3,stMLnet
TNF,NOTCH1,stMLnet
COPA,CD74,stMLnet
CSF1,SLC7A1,stMLnet
INS,LILRB2,stMLnet
IGFL3,IGFLR1,stMLnet
GDF11,ANTXR1,stMLnet
TNF,CELSR2,stMLnet
FAM3C,HLA-C,stMLnet
PF4,ACKR1,stMLnet
NAMPT,NTRK1,stMLnet
IFNE,ADGRV1,stMLnet
BDNF,F11R,stMLnet
TNF,VSIR,stMLnet
EPO,EFNB2,stMLnet
CCL18,CCR1,stMLnet
LGALS9,LRP1,stMLnet
SPP1,CCR8,stMLnet
GHRL,TBXA2R,stMLnet
GHRL,PTGER3,stMLnet
WNT5B,KLRG2,stMLnet
GAL,GPR151,stMLnet
BMP7,PTPRK,stMLnet
TNFSF9,ADGRG5,stMLnet
LGALS9,MRC2,stMLnet
TNF,RIPK1,stMLnet
ADIPOQ,ASGR2,stMLnet
NPPA,NPR3,stMLnet
PRLH,PRLHR,stMLnet
VGF,NTRK1,stMLnet
COPA,MTNR1B,stMLnet
RARRES2,GPR1,stMLnet
COPA,SORT1,stMLnet
ADIPOQ,PROKR2,stMLnet
ADM,MRGPRX2,stMLnet
FAM3C,GPR42,stMLnet
GRN,NTRK1,stMLnet
FAM3C,LAMP1,stMLnet
BMP10,VSIR,stMLnet
PTHLH,PRLHR,stMLnet
MIF,TNFRSF10D,stMLnet
CKLF,LRP6,stMLnet
CCL4,CNR2,stMLnet
AIMP1,NTRK1,stMLnet
TNFSF13B,HLA-DPB1,stMLnet
GHRL,PTGIR,stMLnet
OSTN,NPR3,stMLnet
COPA,P2RY6,stMLnet
CSF1,SIRPA,stMLnet
PENK,MRGPRX1,stMLnet
ADIPOQ,CLEC2D,stMLnet
IL16,GRIN2A,stMLnet
BDNF,GPR152,stMLnet
GAL,HLA-DPA1,stMLnet
TNF,FFAR2,stMLnet
VIP,AVPR1A,stMLnet
CCL4,SLC7A1,stMLnet
GAST,KIR2DL3,stMLnet
CCL4L2,GPR151,stMLnet
RARRES2,CMKLR1,stMLnet
IL24,NOTCH2,stMLnet
ENHO,GPR19,stMLnet
GAS6,TYRO3,stMLnet
CSF1,CELSR3,stMLnet
LGALS9,COLEC12,stMLnet
IL16,GRIN2C,stMLnet
CD70,GPRC5B,stMLnet
TTR,NGFR,stMLnet
GPHA2,EPHA6,stMLnet
CORT,MRGPRX2,stMLnet
CXCL17,GPR35,stMLnet
IGFL2,IGFLR1,stMLnet
GHRL,GHRHR,stMLnet
GAST,GPR152,stMLnet
BMP10,KIR3DS1,stMLnet
VEGFB,ADRB2,stMLnet
NAMPT,P2RY6,stMLnet
PROS1,TYRO3,stMLnet
ERFE,LRP1,stMLnet
GPHA2,ADGRV1,stMLnet
IL2,NGFR,stMLnet
NPPC,NPR1,stMLnet
CCL4L2,VSIR,stMLnet
FAM3B,LRP5,stMLnet
WNT4,SMO,stMLnet
WNT11,KLRG2,stMLnet
WNT7A,LDLR,stMLnet
CCL4L2,GPR152,stMLnet
LGALS9,PTPRK,stMLnet
CD70,TNFRSF13B,stMLnet
ADIPOQ,GPR42,stMLnet
FAM3C,ADGRG5,stMLnet
GPI,NTRK1,stMLnet
BMP10,GPR152,stMLnet
WNT4,NOTCH1,stMLnet
TNF,SEMA4C,stMLnet
GDF15,GFRAL,stMLnet
LGALS9,MET,stMLnet
NAMPT,IL13RA2,stMLnet
KL,FGFR1,stMLnet
CXCL9,FCGR2A,stMLnet
SPP1,PTGER4,stMLnet
CD70,TNFRSF17,stMLnet
WNT5A,ANTXR1,stMLnet
IL1B,ADRB2,stMLnet
VEGFA,GRIN2B,stMLnet
PDGFB,ADGRV1,stMLnet
WNT5A,PTPRK,stMLnet
CCL4L2,GPR101,stMLnet
CXCL9,KIR2DL3,stMLnet
BMP10,FFAR2,stMLnet
CD70,CD27,stMLnet
AREG,ICAM1,stMLnet
WNT5A,EPHA7,stMLnet
IL16,GRIN2B,stMLnet
LTA,RIPK1,stMLnet
CCL5,GPR75,stMLnet
IL6,HRH1,stMLnet
TNFSF10,RIPK1,stMLnet
ADIPOQ,GPR152,stMLnet
FAM3C,PDCD1,stMLnet
COPA,NTRK1,stMLnet
TSHB,HLA-C,stMLnet
WNT1,CD36,stMLnet
NPPC,NPR3,stMLnet
RETN,GPR25,stMLnet
OGN,HLA-DRB1,stMLnet
SCGB3A1,NOTCH3,stMLnet
CCL5,ACKR4,stMLnet
CCL4L2,PGRMC2,stMLnet
P06881,CALCR,stMLnet
TNF,PTPRS,stMLnet
TNFSF9,KLRG2,stMLnet
